"","Kingdom","Phylum","Class","Order","Family","Genus"
"TACGGAGGATGCGAGCGTTATCCGGATTTATTGGGTTTAAAGGGTGCGCAGGCGGAAGATCAAGTCAGCGGTAAAATTGAGAGGCTCAACCTCTTCGAGCCGTTGAAACTGGTTTTCTTGAGTGAGCGAGAAGTATGCGGAATGCGTGGTGTAGCGGTGAAATGCATAGATATCACGCAGAACTCCGATTGCGAAGGCAGCATACCGGCGCTCAACTGACGCTCATGCACGAAAGTGTGGGTATCGAACAGG","Bacteria","Bacteroidetes","Bacteroidia","Bacteroidales","Muribaculaceae",NA
"TACGGAGGATGCGAGCGTTATCCGGATTTATTGGGTTTAAAGGGTGCGCAGGCGGACTCTCAAGTCAGCGGTCAAATCGCGGGGCTCAACCCCGTTCCGCCGTTGAAACTGGGAGCCTTGAGTGCGCGAGAAGTAGGCGGAATGCGTGGTGTAGCGGTGAAATGCATAGATATCACGCAGAACTCCGATTGCGAAGGCAGCCTACCGGCGCGCAACTGACGCTCATGCACGAAAGCGTGGGTATCGAACAGG","Bacteria","Bacteroidetes","Bacteroidia","Bacteroidales","Muribaculaceae",NA
"TACGGAGGATGCGAGCGTTATCCGGATTTATTGGGTTTAAAGGGTGCGTAGGCGGGCTGTTAAGTCAGCGGTCAAATGTCGGGGCTCAACCCCGGCCTGCCGTTGAAACTGGCGGCCTCGAGTGGGCGAGAAGTATGCGGAATGCGTGGTGTAGCGGTGAAATGCATAGATATCACGCAGAACTCCGATTGCGAAGGCAGCATACCGGCGCCCGACTGACGCTGAGGCACGAAAGCGTGGGTATCGAACAGG","Bacteria","Bacteroidetes","Bacteroidia","Bacteroidales","Muribaculaceae",NA
"TACGGAGGATGCGAGCGTTATCCGGATTTATTGGGTTTAAAGGGTGCGTAGGCGGGCTTTTAAGTCAGCGGTAAAAATTCGGGGCTCAACCCCGTCCGGCCGTTGAAACTGGGGGCCTTGAGTGGGCGAGAAGAAGGCGGAATGCGTGGTGTAGCGGTGAAATGCATAGATATCACGCAGAACCCCGATTGCGAAGGCAGCCTTCCGGCGCCCTACTGACGCTGAGGCACGAAAGTGCGGGGATCGAACAGG","Bacteria","Bacteroidetes","Bacteroidia","Bacteroidales","Muribaculaceae",NA
"TACGGAGGATCCGAGCGTTATCCGGATTTATTGGGTTTAAAGGGAGCGTAGGTGGATTGTTAAGTCAGTTGTGAAAGTTTGCGGCTCAACCGTAAAATTGCAGTTGAAACTGGCAGTCTTGAGTACAGTAGAGGTGGGCGGAATTCGTGGTGTAGCGGTGAAATGCTTAGATATCACGAAGAACTCCGATTGCGAAGGCAGCTCACTGGACTGCAACTGACACTGATGCTCGAAAGTGTGGGTATCAAACAGG","Bacteria","Bacteroidetes","Bacteroidia","Bacteroidales","Bacteroidaceae","Bacteroides"
"TACGGAGGATGCGAGCGTTATCCGGATTTATTGGGTTTAAAGGGTGCGTAGGCGGCCTGCCAAGTCAGCGGTAAAATTGCGGGGCTCAACCCCGTACAGCCGTTGAAACTGCCGGGCTCGAGTGGGCGAGAAGTATGCGGAATGCGTGGTGTAGCGGTGAAATGCATAGATATCACGCAGAACCCCGATTGCGAAGGCAGCATACCGGCGCCCTACTGACGCTGAGGCACGAAAGTGCGGGGATCAAACAGG","Bacteria","Bacteroidetes","Bacteroidia","Bacteroidales","Muribaculaceae",NA
"TACGGAGGATGCGAGCGTTATCCGGATTTATTGGGTTTAAAGGGTGCGTAGGCGGGATGCCAAGTCAGCGGTAAAAAAGCGGTGCTCAACGCCGTCGAGCCGTTGAAACTGGCGTTCTTGAGTGGGCGAGAAGTATGCGGAATGCGTGGTGTAGCGGTGAAATGCATAGATATCACGCAGAACTCCGATTGCGAAGGCAGCATACCGGCGCCCTACTGACGCTGAGGCACGAAAGCGTGGGTATCGAACAGG","Bacteria","Bacteroidetes","Bacteroidia","Bacteroidales","Muribaculaceae",NA
"TACGGAGGATTCAAGCGTTATCCGGATTTATTGGGTTTAAAGGGTGCGTAGGCGGTTCGATAAGTTAGAGGTGAAATCCCGGGGCTCAACTCCGGCACTGCCTCTGATACTGTCGGGCTAGAGTTTAGTTGCGGTAGGCGGAATGTATGGTGTAGCGGTGAAATGCATAGAGATCATACAGAACACCGATTGCGAAGGCAGCTTACCAAACTACGACTGACGTTGAGGCACGAAAGCGTGGGGAGCAAACAGG","Bacteria","Bacteroidetes","Bacteroidia","Bacteroidales","Rikenellaceae","Alistipes"
"TACGGAGGATGCGAGCGTTATCCGGATTTATTGGGTTTAAAGGGTGCGTAGGCGGATCGTTAAGTCAGTGGTCAAATTGAGGGGCTCAACCCCTTCCCGCCATTGAAACTGGCGATCTTGAGTGGAAGAGAAGTATGCGGAATGCGTGGTGTAGCGGTGAAATGCATAGATATCACGCAGAACCCCGATTGCGAAGGCAGCATGCCGGCTTCCTACTGACGCTGAAGCACGAAAGCGTGGGGATCGAACAGG","Bacteria","Bacteroidetes","Bacteroidia","Bacteroidales","Muribaculaceae",NA
"TACGGAGGATGCGAGCGTTATCCGGATTTATTGGGTTTAAAGGGTGCGTAGGCGGGATGTCAAGTCAGCGGTAAAATTGTGGAGCTCAACTCCATCGAGCCGTTGAAACTGACGTTCTTGAGTGGGCGAGAAGTATGCGGAATGCGTGGTGTAGCGGTGAAATGCATAGATATCACGCAGAACTCCGATTGCGAAGGCAGCATACCGGCGCCCTACTGACGCTGAAGCACGAAAGCGTGGGTATCGAACAGG","Bacteria","Bacteroidetes","Bacteroidia","Bacteroidales","Muribaculaceae",NA
"TACGTAGGTGGCAAGCGTTGTCCGGATTTATTGGGCGTAAAGCGAGTGCAGGCGGTTCAATAAGTCTGATGTGAAAGCCTTCGGCTCAACCGGAGAATTGCATCAGAAACTGTTGAACTTGAGTGCAGAAGAGGAGAGTGGAACTCCATGTGTAGCGGTGGAATGCGTAGATATATGGAAGAACACCAGTGGCGAAGGCGGCTCTCTGGTCTGCAACTGACGCTGAGGCTCGAAAGCATGGGTAGCGAACAGG","Bacteria","Firmicutes","Bacilli","Lactobacillales","Lactobacillaceae","Lactobacillus"
"TACGGAGGATGCGAGCGTTATCCGGATTTATTGGGTTTAAAGGGTGCGTAGGCGGCCTGCCAAGTCAGCGGTAAAATTGCGGGGCTCAACCCCGTACAGCCGTTGAAACTGCCGGGCTCGAGTGGGCGAGAAGTATGCGGAATGCGTGGTGTAGCGGTGAAATGCATAGATATCACGCAGAACCCCGATTGCGAAGGCAGCATACCGGCGCCCGACTGACGCTGAGGCACGAAAGTGCGGGGATCAAACAGG","Bacteria","Bacteroidetes","Bacteroidia","Bacteroidales","Muribaculaceae",NA
"TACGTAGGTGGCAAGCGTTATCCGGATTTATTGGGCGTAAAGGGAACGCAGGCGGTCTTTTAAGTCTGATGTGAAAGCCTTCGGCTTAACCGGAGTAGTGCATTGGAAACTGGGAGACTTGAGTGCAGAAGAGGAGAGTGGAACTCCATGTGTAGCGGTGAAATGCGTAGATATATGGAAGAACACCAGTGGCGAAAGCGGCTCTCTGGTCTGTAACTGACGCTGAGGTTCGAAAGCGTGGGTAGCAAACAGG","Bacteria","Firmicutes","Bacilli","Lactobacillales","Lactobacillaceae","Lactobacillus"
"TACGGAGGATGCGAGCGTTATCCGGATTTATTGGGTTTAAAGGGTGCGTAGGCGGGATGCCAAGTCAGCGGTAAAAATGCGGTGCTCAACGCCGTCGAGCCGTTGAAACTGGCGTTCTTGAGTGGGCGAGAAGTATGCGGAATGCGTGGTGTAGCGGTGAAATGCATAGATATCACGCAGAACTCCGATTGCGAAGGCAGCATACCGGCGCCCTACTGACGCTGAGGCACGAAAGCGTGGGTATCGAACAGG","Bacteria","Bacteroidetes","Bacteroidia","Bacteroidales","Muribaculaceae",NA
"TACGTAGGGGGCAAGCGTTATCCGGATTTACTGGGTGTAAAGGGAGCGTAGACGGCAGCGCAAGTCTGGAGTGAAATGCCGGGGCCCAACCCCGGAACTGCTTTGGAAACTGTGCAGCTCGAGTGCAGGAGAGGTAAGCGGAATTCCTAGTGTAGCGGTGAAATGCGTAGATATTAGGAGGAACACCAGTGGCGAAGGCGGCTTACTGGACTGTAACTGACGTTGAGGCTCGAAAGCGTGGGGAGCAAACAGG","Bacteria","Firmicutes","Clostridia","Clostridiales","Lachnospiraceae","Lachnospiraceae_NK4A136_group"
"TACGTAGGTGGCAAGCGTTATCCGGAATTATTGGGCGTAAAGAGCGCGCAGGTGGTTAATTAAGTCTGATGTGAAAGCCCACGGCTTAACCGTGGAGGGTCATTGGAAACTGGTTGACTTGAGTGCAGAAGAGGGAAGTGGAATTCCATGTGTAGCGGTGAAATGCGTAGAGATATGGAGGAACACCAGTGGCGAAGGCGGCTTCCTGGTCTGCAACTGACACTGAGGCGCGAAAGCGTGGGGAGCAAACAGG","Bacteria","Firmicutes","Erysipelotrichia","Erysipelotrichales","Erysipelotrichaceae","Turicibacter"
"TACGGAGGATGCGAGCGTTATCCGGATTTATTGGGTTTAAAGGGTGCGCAGGCGGGATGCCAAGTCAGCGGTCAAATTTCGGGGCTCAACCCCGACCTGCCGTTGAAACTGGTGTCCTAGAGTGGGCGAGAAGTATGCGGAATGCGTGGTGTAGCGGTGAAATGCATAGATATCACGCAGAACTCCGATTGCGAAGGCAGCATACCGGCGCCCAACTGACGCTCATGCACGAAAGCGTGGGTATCGAACAGG","Bacteria","Bacteroidetes","Bacteroidia","Bacteroidales","Muribaculaceae",NA
"TACGGAGGATGCGAGCGTTATCCGGATTTATTGGGTTTAAAGGGTGCGTAGGCGGTCCGTTAAGTCAGCGGTAAAATTGCGGGGCTCAACCCCGTCGAGCCGTTGAAACTGGCAGACTTGAGTTGGCGAGAAGTACGCGGAATGCGCGGTGTAGCGGTGAAATGCATAGATATCGCGCAGAACTCCGATTGCGAAGGCAGCGTACCGGCGCCAGACTGACGCTGAGGCACGAAAGCGTGGGGATCGAACAGG","Bacteria","Bacteroidetes","Bacteroidia","Bacteroidales","Muribaculaceae",NA
"TACGTAGGGAGCGAGCGTTATCCGGATTTATTGGGTGTAAAGGGTGCGTAGGCGGTAATACAGGTCTTTGGTATAAGCCCGAAGCTTAACTTCGGTAAGCCAGAGAAACCGTATAACTAGAGTATGGTAGAGGCAAGTGGAATTTCTAGTGTAGCGGTAAAATGCGTAGATATTAGAAGGAACACCAGTGGCGAAGGCGACTTGCTGGGCCAAAACTGACGCTGAGGCACGAAAGCGTGGGGAGCAAATAGG","Bacteria","Tenericutes","Mollicutes","Mollicutes_RF39",NA,NA
"TACGGAGGATGCGAGCGTTATCCGGATTTATTGGGTTTAAAGGGTGCGTAGGCGGACAGTTAAGTCAGCGGTAAAATTGAGAGGCTCAACCTCTTCCCGCCGTTGAAACTGATTGTCTTGAGTGGGCGAGAAGTATGCGGAATGCGTGGTGTAGCGGTGAAATGCATAGATATCACGCAGAACTCCGATTGCGAAGGCAGCATACCGGCGCCCAACTGACGCTGAAGCACGAAAGCGTGGGTATCGAACAGG","Bacteria","Bacteroidetes","Bacteroidia","Bacteroidales","Muribaculaceae",NA
"TACGTAGGTGGCAAGCGTTATCCGGATTTATTGGGCGTAAAGCGAGCGCAGGCGGTTGCTTAGGTCTGATGTGAAAGCCTTCGGCTTAACCGAAGAAGTGCATCGGAAACCGGGCGACTTGAGTGCAGAAGAGGACAGTGGAACTCCATGTGTAGCGGTGGAATGCGTAGATATATGGAAGAACACCAGTGGCGAAGGCGGCTGTCTGGTCTGCAACTGACGCTGAGGCTCGAAAGCATGGGTAGCGAACAGG","Bacteria","Firmicutes","Bacilli","Lactobacillales","Lactobacillaceae","Lactobacillus"
"TACGTAGGGGGCAAGCGTTATCCGGATTTACTGGGTGTAAAGGGAGCGTAGACGGTGAGACAAGTCTGAAGTGAAAGCCCGGGGCTCAACCCCGGGACTGCTTTGGAAACTGCCTGACTGGAGTGCTGGAGAGGCAAGCGGAATTCCTAGTGTAGCGGTGAAATGCGTAGATATTAGGAAGAACACCAGTGGCGAAGGCGGCTTGCTGGACAGTAACTGACGTTGAGGCTCGAAAGCGTGGGGAGCAAACAGG","Bacteria","Firmicutes","Clostridia","Clostridiales","Lachnospiraceae",NA
"TACGTAGGGGGCAAGCGTTATCCGGAATTACTGGGTGTAAAGGGAGCGTAGACGGTAATGCAAGTCTGGAGTGAAAGGCGGGGGCCCAACCCCCGGACTGCTCTGGAAACTGTGTAACTGGAGTGCAGGAGAGGCAGGCGGAATTCCTAGTGTAGCGGTGAAATGCGTAGATATTAGGAGGAACACCAGTGGCGAAGGCGGCCTGCTGGACTGTAACTGACGTTGAGGCTCGAAAGCGTGGGGAGCAAACAGG","Bacteria","Firmicutes","Clostridia","Clostridiales","Lachnospiraceae","Lachnospiraceae_NK4A136_group"
"TACGTAGGGGGCAAGCGTTATCCGGATTTACTGGGTGTAAAGGGAGCGTAGACGGTGCGCCAAGTCTGGAGTGAAATGCCGCAGCTTAACTGCGGAACTGCTTTGGAAACTGGCGAACTAGAGTGCGGGAGGGGTAAGCGGAATTCCTAGTGTAGCGGTGAAATGCGTAGATATTAGGAGGAACACCGGTGGCGAAGGCGGCTTACTGGACCGTAACTGACGTTGAGGCTCGAAAGCGTGGGGAGCAAACAGG","Bacteria","Firmicutes","Clostridia","Clostridiales","Lachnospiraceae","Lachnospiraceae_NK4A136_group"
"TACGTAGGGGGCGAGCGTTGTCCGGAATCACTGGGCGTAAAGGGCGCGTAGGCGGTTTAATAAGTCAGTGGTGAAAACTGAGGGCTCAACCCTCAGCCTGCCACTGATACTGTTAGACTTGAGTATGGAAGAGGAGAATGGAATTCCTAGTGTAGCGGTGAAATGCGTAGATATTAGGAGGAACACCAGTGGCGAAGGCGATTCTCTGGGCCAAGACTGACGCTGAGGCGCGAAAGCGTGGGGAGCAAACAGG","Bacteria","Firmicutes","Clostridia","Clostridiales","Peptococcaceae",NA
"TACGTAGGGGGCAAGCGTTATCCGGATTTACTGGGTGTAAAGGGAGCGTAGACGGTTTTGCAAGTCTGATGTGAAAGCCCGGGGCTCAACCCCGGGACTGCATTGGAAACTGTATGACTGGAGTGCAGGAGAGGTAAGTGGAATTCCTAGTGTAGCGGTGAAATGCGTAGATATTAGGAGGAACACCAGTGGCGAAGGCGGCTTACTGGACTGTAACTGACGTTGAGGCTCGAAAGCGTGGGGAGCAAACAGG","Bacteria","Firmicutes","Clostridia","Clostridiales","Lachnospiraceae","Lachnospiraceae_NK4A136_group"
"TACGTAGGTGGCAAGCGTTGTCCGGATTTACTGGGTGTAAAGGGCGTGCAGCCGGAGAGACAAGTCAGATGTGAAATCCACGGGCTCAACCCGTGAACTGCATTTGAAACTGTTTCCCTTGAGTGTCGGAGAGGTAATCGGAATTCCTTGTGTAGCGGTGAAATGCGTAGATATAAGGAAGAACACCAGTGGCGAAGGCGGATTACTGGACGATAACTGACGGTGAGGCGCGAAAGCGTGGGGAGCAAACAGG","Bacteria","Firmicutes","Clostridia","Clostridiales","Ruminococcaceae","Oscillibacter"
"TACGTAGGTGGCAAGCGTTGTCCGGATTTACTGGGTGTAAAGGGCGTGCAGCCGGGAAGACAAGTCAGATGTGAAATCCCGCGGCTCAACCGCGGAACTGCATTTGAAACTGTTTTTCTTGAGTACCGGAGAGGTCATCGGAATTCCTTGTGTAGCGGTGAAATGCGTAGATATAAGGAAGAACACCAGTGGCGAAGGCGGATGACTGGACGGCAACTGACGGTGAGGCGCGAAAGCGTGGGGAGCAAACAGG","Bacteria","Firmicutes","Clostridia","Clostridiales","Ruminococcaceae","Oscillibacter"
"TACGTAGGGGGCAAGCGTTATCCGGATTTACTGGGTGTAAAGGGAGCGTAGACGGCAATGCAAGCCAGATGTGAAAACCCGCAGCTCAACTGGGGGAGTGCATTTGGAACTGTGTAGCTGGAGTGCAGGAGAGGTAAGCGGAATTCCTGGTGTAGCGGTGAAATGCGTAGATATCAGGAGGAACACCAGTGGCGAAGGCGGCTTACTGGACTGTAACTGACGTTGAGGCTCGAAAGCGTGGGGAGCAAACAGG","Bacteria","Firmicutes","Clostridia","Clostridiales","Lachnospiraceae","Eisenbergiella"
"TACGTAGGGGGCAAGCGTTATCCGGATTTACTGGGTGTAAAGGGAGCGTAGACGGCCAGACAAGTCTGAAGTGAAAATCCAGCGCTTAACGTTGGAAGTGCTTTGGAAACTGCCGGGCTAGAGTGCAGGAGGGGCAGGCGGAATTCCTAGTGTAGCGGTGAAATGCGTAGATATTAGGAGGAACACCAGTGGCGAAGGCGGCCTGCTGGACTGCAACTGACGTTGAGGCTCGAAGGCGTGGGGAGCAAACAGG","Bacteria","Firmicutes","Clostridia","Clostridiales","Lachnospiraceae","Lachnospiraceae_NK4A136_group"
"TACGTAGGGGGCAAGCGTTATCCGGATTTACTGGGTGTAAAGGGAGCGTAGACGGTGCGCCAAGTCTGGAGTGAAATGCCGCAGCTTAACTGCGGAACTGCTTTGGAAACTGGCGGACTAGAGTGCGGGAGGGGTAAGCGGAATTCCTAGTGTAGCGGTGAAATGCGTAGATATTAGGAGGAACACCGGTGGCGAAGGCGGCTTACTGGACCGTAACTGACGTTGAGGCTCGAAAGCGTGGGGAGCAAACAGG","Bacteria","Firmicutes","Clostridia","Clostridiales","Lachnospiraceae","Lachnospiraceae_NK4A136_group"
"TACGTAGGGGGCAAGCGTTATCCGGATTTACTGGGTGTAAAGGGGGCGCAGACGGCCATGGCAAGCCCGGTGTGAAAGGCAGGGGCATAACCCCTGGACTGCACTGGGAACTGTCAGGCTGGAGTGCCGGAGGGGTAAGCGGAATTCCTGGTGTAGCGGTGAAATGCGTAGATATCAGGAGGAACACCGGCGGCGAAGGCGGCTTACTGGACGGCAACTGACGTTGAGGCCCGAAAGCGTGGGGAGCGAACAGG","Bacteria","Firmicutes","Clostridia","Clostridiales","Lachnospiraceae",NA
"TACGTAGGGGGCAAGCGTTATCCGGATTTACTGGGTGTAAAGGGAGCGTAGACGGCAGTGCAAGTCTGAAGTGAAAGGCGGGGGCCCAACCCCCGGACTGCTTTGGAAACTGTGCTGCTGGAGTGCAGGAGAGGCAAGTGGAATTCCTAGTGTAGCGGTGAAATGCGTAGATATTAGGAGGAACACCAGTGGCGAAGGCGGCTTGCTGGACTGTAACTGACGTTGAGGCTCGAAAGCGTGGGGAGCAAACAGG","Bacteria","Firmicutes","Clostridia","Clostridiales","Lachnospiraceae","Lachnospiraceae_NK4A136_group"
"TACGTAGGTGGCAAGCGTTATCCGGAATTATTGGGCGTAAAGCGCGCGTAGGCGGTTTTTTAAGTCTGATGTGAAAGCCCACGGCTCAACCGTGGAGGGTCATTGGAAACTGGAAAACTTGAGTGCAGAAGAGGAAAGTGGAATTCCATGTGTAGCGGTGAAATGCGCAGAGATATGGAGGAACACCAGTGGCGAAGGCGACTTTCTGGTCTGTAACTGACGCTGATGTGCGAAAGCGTGGGGATCAAACAGG","Bacteria","Firmicutes","Bacilli","Bacillales","Staphylococcaceae","Staphylococcus"
"TACGTAGGGGGCAAGCGTTATCCGGATTTACTGGGTGTAAAGGGAGCGTAGGCGGCCATGCAAGTCAGAAGTGAAAACCCGGGGCTCAACCCTGGGAGTGCTTTTGAAACTGTGCGGCTAGAGTGTCGGAGGGGTAAGTGGAATTCCTAGTGTAGCGGTGAAATGCGTAGATATTAGGAGGAACACCAGTGGCGAAGGCGGCTTACTGGACGATGACTGACGCTGAGGCTCGAAAGCGTGGGGAGCAAACAGG","Bacteria","Firmicutes","Clostridia","Clostridiales","Lachnospiraceae",NA
"TACGTAGGGGGCAAGCGTTATCCGGATTTACTGGGTGTAAAGGGAGCGCAGACGGCTGTGCAAGTCTGGAGTGAAAGGCGGGGGCCCAACCCCCGGACTGCTCTGGAAACTGTAAAGCTGGAGTGCAGGAGAGGTAAGCGGAATTCCTAGTGTAGCGGTGAAATGCGTAGATATTAGGAGGAACACCAGTGGCGAAGGCGGCTTACTGGACTGCAACTGACGTTGAGGCTCGAAAGCGTGGGGAGCAAACAGG","Bacteria","Firmicutes","Clostridia","Clostridiales","Lachnospiraceae","Lachnospiraceae_NK4A136_group"
"TACGTAGGGGGCAAGCGTTATCCGGAATTACTGGGTGTAAAGGGAGCGTAGACGGTGATGCAAGTCTGGAGTGAAAGGCGGGGGCCCAACCCCCGGACTGCTCTGGAAACTGTGTAACTTGAGTGCAGGAGAGGTAAGCGGAATTCCTAGTGTAGCGGTGAAATGCGTAGATATTAGGAGGAACACCAGTGGCGAAGGCGGCTTACTGGACTGTAACTGACGTTGAGGCTCGAAAGCGTGGGGAGCAAACAGG","Bacteria","Firmicutes","Clostridia","Clostridiales","Lachnospiraceae","Lachnospiraceae_NK4A136_group"
"TACGTAGGGGGCAAGCGTTATCCGGATTTACTGGGTGTAAAGGGAGCGTAGACGGCGATGCAAGTCTGAAGTGAAAGGCGGGGGCCCAACCCCCGGACTGCTTTGGAAACTGTATAGCTGGAGTGCAGGAGAGGTAAGTGGAATTCCTAGTGTAGCGGTGAAATGCGTAGATATTAGGAGGAACACCAGTGGCGAAGGCGGCTTACTGGACTGTAACTGACGTTGAGGCTCGAAAGCGTGGGGAGCAAACAGG","Bacteria","Firmicutes","Clostridia","Clostridiales","Lachnospiraceae","Lachnospiraceae_NK4A136_group"
"TACGTAGGGGGCAAGCGTTATCCGGATTTACTGGGTGTAAAGGGAGCGTAGACGGCGCGGCAAGTCTGAAGTGAAAGGCAGGGGCTTAACCCCTGAACTGCTTTGGAAACTGCCATGCTAGAGTGCTGGAGAGGTAAGTGGAATTCCTAGTGTAGCGGTGAAATGCGTAGATATTAGGAGGAACACCAGTGGCGAAGGCGGCTTACTGGACAGTAACTGACGTTGAGGCTCGAAAGCGTGGGGAGCAAACAGG","Bacteria","Firmicutes","Clostridia","Clostridiales","Lachnospiraceae",NA
"TACGTAGGGGGCAAGCGTTATCCGGATTTACTGGGTGTAAAGGGAGCGCAGACGGCAGTGCAAGTCTGGAGTGAAAGCCCGGGGCCCAACCCCGGAACTGCTCTGGAAACTGTGCGGCTAGAGTACTGGAGGGGCAGGCGGAATTCCTAGTGTAGCGGTGAAATGCGTAGATATTAGGAGGAACACCAGTGGCGAAGGCGGCCTGCTGGACAGTAACTGACGTTGAGGCTCGAAAGCGTGGGGAGCAAACAGG","Bacteria","Firmicutes","Clostridia","Clostridiales","Lachnospiraceae",NA
"TACGTATGGGGCAAGCGTTATCCGGATTTACTGGGTGTAAAGGGAGCGTAGGCGGCCTGGCAAGCCTGATGTGAAATACCGGGGCCCAACCCCGGGGCTGCATTGGGAACTGCCAGGCTGGAGTGCCGGAGAGGCAGGCGGAATTCCTAGTGTAGCGGTGAAATGCGTAGATATTAGGAGGAACACCAGTGGCGAAGGCGGCCTGCTGGACGGTGACTGACGCTGAGGCTCGAAAGCGTGGGGAGCAAACAGG","Bacteria","Firmicutes","Clostridia","Clostridiales","Lachnospiraceae","A2"
"TACGTAGGGGGCAAGCGTTATCCGGATTTACTGGGTGTAAAGGGAGCGTAGACGGCTGTGCAAGTCTGAAGTGAAAGCCCGTGGCTCAACCGCGGAACTGCTTTGGAAACTGTATAGCTTGAGTACTGGAGAGGCAGGCGGAATTCCTAGTGTAGCGGTGAAATGCGTAGATATTAGGAGGAACACCAGTGGCGAAGGCGGCCTGCTGGACAGAAACTGACGTTGAGGCTCGAAAGCGTGGGGAGCAAACAGG","Bacteria","Firmicutes","Clostridia","Clostridiales","Lachnospiraceae",NA
"TACGTATGGAGCAAGCGTTATCCGGATTTACTGGGTGTAAAGGGAGCGCAGGCGGCATGGCAAGTCAGATGTGAAAGCCCGGGGCTCAACCCCGGGACTGCATTTGAAACTGCCAGGCTAGAGTGTCGGAGAGGCAAGTGGAATTCCTAGTGTAGCGGTGAAATGCGTAGATATTAGGAGGAACACCAGTGGCGAAGGCGGCTTGCTGGACGATCACTGACGCTGAGGCTCGAAAGCGTGGGGAGCAAACAGG","Bacteria","Firmicutes","Clostridia","Clostridiales","Lachnospiraceae","Lachnospiraceae_UCG-001"
"TACAGAGGGTGCGAGCGTTAATCGGATTTACTGGGCGTAAAGCGTGCGTAGGCGGCTTATTAAGTCGGATGTGAAATCCCCGAGCTTAACTTGGGAATTGCATTCGATACTGGTGAGCTAGAGTATGGGAGAGGATGGTAGAATTCCAGGTGTAGCGGTGAAATGCGTAGAGATCTGGAGGAATACCGATGGCGAAGGCAGCCATCTGGCCTAATACTGACGCTGAGGTACGAAAGCATGGGGAGCAAACAGG","Bacteria","Proteobacteria","Gammaproteobacteria","Pseudomonadales","Moraxellaceae","Acinetobacter"
"TACGTAGGGGGCGAGCGTTATCCGGATTCACTGGGCGTAAAGGGAGCGCAGGCGGCACGGCAAGTCCGGTGTGAAAGCCCGGGGCCCAACCCCGGGACTGCACTGGAAACTGCCGGGCTGGAGTGCCGGAGGGGTAAGCGGAATTCCTGGTGTAGCGGTGAAATGCGCAGATATCAGGAGGAACACCAGTGGCGGAGGCGGCTTACTGGACGGTCACTGACGCTGAGGCTCGAAAGCGTGGGGAGCAAACAGG","Bacteria","Firmicutes","Clostridia","Clostridiales","Lachnospiraceae","Roseburia"
"TACGTAGGGGGCAAGCGTTATCCGGATTTACTGGGTGTAAAGGGAGCGTAGACGGCGATGCAAGTCTGAAGTGAAAGCCCGGGGCTCAACCCCGGGACTGCTTTGGAAACTGTATGGCTGGAGTGCTGGAGAGGCAAGCGGAATTCCTAGTGTAGCGGTGAAATGCGTAGATATTAGGAAGAACACCAGTGGCGAAGGCGGCTTGCTGGACAGTAACTGACGTTGAGGCTCGAAAGCGTGGGGAGCAAACAGG","Bacteria","Firmicutes","Clostridia","Clostridiales","Lachnospiraceae","Lachnoclostridium"
"TACGTAGGTGGCAAGCGTTATCCGGAATTATTGGGCGTAAAGCGCGCGCAGGTGGTTTCTTAAGTCTGATGTGAAAGCCCACGGCTCAACCGTGGAGGGTCATTGGAAACTGGGAGACTTGAGTGCAGAAGAGGAAAGTGGAATTCCATGTGTAGCGGTGAAATGCGTAGAGATATGGAGGAACACCAGTGGCGAAGGCGACTTTCTGGTCTGTAACTGACACTGAGGCGCGAAAGCGTGGGGAGCAAACAGG","Bacteria","Firmicutes","Bacilli","Bacillales","Bacillaceae","Bacillus"
"TACGTAGGGGGCAAGCGTTATCCGGATTTACTGGGTGTAAAGGGAGCGTAGACGGCATAGCAAGTCTGAAGTGAAAGCCCAAGGCTCAACCATGGGACTGCTTTGGAAACTGTTAAGCTAGAGTGCTGGAGAGGTAAGCGGAATTCCTAGTGTAGCGGTGAAATGCGTAGATATTAGGAAGAACACCAGTGGCGAAGGCGGCTTACTGGACAGTAACTGACGTTGAGGCTCGAAAGCGTGGGGAGCAAACAGG","Bacteria","Firmicutes","Clostridia","Clostridiales","Lachnospiraceae",NA
"TACGTAGGGGGCGAGCGTTATCCGGATTTACTGGGTGTAAAGGGAGCGTAGACGGCGTCGCAAGTCTGAAGTGAAAGCCCGTGGCTCAACCGCGGAACCGCTTTGGAAACTGCGAGGCTGGAGTGCTGGAGAGGTAAGCGGAATTCCTGGTGTAGCGGTGAAATGCGTAGATATCAGGAGGAACACCGGTGGCGAAGGCGGCTTACTGGACAGTGACTGACGTTGAGGCTCGAAAGCGTGGGGAGCGAACAGG","Bacteria","Firmicutes","Clostridia","Clostridiales","Lachnospiraceae",NA
"TACGTAGGGGGCAAGCGTTATCCGGATTTACTGGGTGTAAAGGGAGCGTAGACGGTTATGTAAGTCTGGAGTGAAAGCCCGGGGCCCAACCCCGGGACTGCTTTGGAAACTGTGTAACTGGAGTACAGGAGGGGCAGGCGGAATTCCTGGTGTAGCGGTGAAATGCGTAGATATCAGGAGGAACACCGGCGGCGAAGGCGGCCTGCTGGACTGAAACTGACGTTGAGGCTCGAAAGCGTGGGGAGCAAACAGG","Bacteria","Firmicutes","Clostridia","Clostridiales","Lachnospiraceae","Acetatifactor"
"TACGTAGGGAGCAAGCGTTGTCCGGATTTACTGGGTGTAAAGGGTGCGTAGGCGGCTTTGCAAGTCAGAAGTGAAATCCATGGGCTTAACCCATGAACTGCTTTTGAAACTGCAGAGCTTGAGTGGAGTAGAGGTAGGCGGAATTCCCGGTGTAGCGGTGAAATGCGTAGAGATCGGGAGGAACACCAGTGGCGAAGGCGGCCTGCTGGGCTCTAACTGACGCTGAGGCACGAAAGCGTGGGTAGCAAACAGG","Bacteria","Firmicutes","Clostridia","Clostridiales","Ruminococcaceae","Ruminiclostridium_5"
"TACGTAGGGGGCGAGCGTTATCCGGATTTACTGGGTGTAAAGGGAGCGCAGGCGGCGTGGCAAGTCAGATGTGAAAACCCGGGGCCCAACCCCGGGACTGCATTTGAAACTGCCATGCTGGAGTGCCGGAGAGGCAAGTGGAATTCCTAGTGTAGCGGTGAAATGCGTAGATATTAGGAGGAACACCAGTGGCGGAGGCGGCTTGCTGGACGGTAACTGACGCTGAGGCTCGAAAGCGTGGGGAGCAAACAGG","Bacteria","Firmicutes","Clostridia","Clostridiales","Lachnospiraceae","Lachnospiraceae_UCG-001"
"TACGGAGGGTGCAAGCGTTACTCGGAATCACTGGGCGTAAAGAGCGCGTAGGCGGGATAGTCAGTCAGGTGTGAAATCCTATGGCTTAACCATAGAACTGCATTTGAAACTACTATTCTAGAGTGTGGGAGAGGTAGGTGGAATTCTTGGTGTAGGGGTAAAATCCGTAGAGATCAAGAGGAATACTCATTGCGAAGGCGACCTGCTGGAACATTACTGACGCTGATTGCGCGAAAGCGTGGGGAGCAAACAGG","Bacteria","Epsilonbacteraeota","Campylobacteria","Campylobacterales","Helicobacteraceae","Helicobacter"
"TACGTAGGGGGCAAGCGTTATCCGGAATTATTGGGCGTAAAGAGTACGTAGGTGGCAACCTAAGCGCAGGGTTTAAGGCAATGGCTCAACCATTGTTCGCCCTGCGAACTGGGATGCTTGAGTGCAGGAGAGGAAAGCGGAATTCCTAGTGTAGCGGTGAAATGCGTAGATATTAGGAGGAACACCAGTGGCGAAGGCGGCTTTCTGGACTGTAACTGACACTGAGGTACGAAAGCGTGGGGAGCAAACAGG","Bacteria","Firmicutes","Clostridia","Clostridiales","Family_XIII",NA
"TACGTAGGGAGCAAGCGTTGTCCGGATTTACTGGGTGTAAAGGGTGCGTAGGCGGCCTTGCAAGTCAGAAGTGAAATCCATGGGCTTAACCCGTGAACTGCTTTTGAAACTGTAGGGCTTGAGTGAAGTAGAGGCAGGCGGAATTCCCGGTGTAGCGGTGAAATGCGTAGAGATCGGGAGGAACACCAGTGGCGAAGGCGGCCTGCTGGGCTTTAACTGACGCTGAAGCACGAAAGCGTGGGTAGCAAACAGG","Bacteria","Firmicutes","Clostridia","Clostridiales","Ruminococcaceae","Ruminiclostridium_5"
"TACGTAGGGGGCAAGCGTTATCCGGATTTACTGGGTGTAAAGGGAGCGTAGACGGCAGCGCAAGTCTGAAGTGAAATGCCAGGGCTTAACCCTGGAACTGCTTTGGAAACTGTGCAGCTAGAGTGCAGGAGAGGTAAGTGGAATTTCTAGTGTAGCGGTGAAATGCGTAGATATTAGGAGGAACACCAGTGGCGAAGGCGGCTTACTGGACTGTAACTGACGTTGAGGCTCGAAAGCGTGGGGAGCAAACAGG","Bacteria","Firmicutes","Clostridia","Clostridiales","Lachnospiraceae","Lachnospiraceae_NK4A136_group"
"TACGTAGGGGGCAAGCGTTATCCGGATTTACTGGGTGTAAAGGGAGCGTAGACGGCAGGGCAAGTCTGGAGTGAAAGGCAGGGGCCCAACCCCTGGACTGCTCTGGAAACTGTCCGGCTGGAGTGCAGGAGAGGTAAGTGGAATTCCTAGTGTAGCGGTGAAATGCGTAGATATTAGGAGGAACACCAGTGGCGAAGGCGGCTTACTGGACTGTAACTGACGTTGAGGCTCGAAAGCGTGGGGAGCAAACAGG","Bacteria","Firmicutes","Clostridia","Clostridiales","Lachnospiraceae","Lachnospiraceae_NK4A136_group"
"TACGTAGGGCGCGAGCGTTGTCCGGAATTATTGGGCGTAAAGGGCTTGTAGGCGGTTGGTCGCGTCTGCCGTGAAATCCTCTGGCTTAACTGGGGGCGTGCGGTGGGTACGGGCTGACTTGAGTGCGGTAGGGGAGACTGGAACTCCTGGTGTAGCGGTGGAATGCGCAGATATCAGGAAGAACACCGGTGGCGAAGGCGGGTCTCTGGGCCGTTACTGACGCTGAGGAGCGAAAGCGTGGGGAGCGAACAGG","Bacteria","Actinobacteria","Actinobacteria","Actinomycetales","Actinomycetaceae","Actinomyces"
"TACGTAGGGGGCAAGCGTTATCCGGATTTACTGGGTGTAAAGGGAGCGTAGACGGCAGAGCAAGTCTGAAGTGAAAGCCCGCGGCCCAACTGCGGGACTGCTTTGGAAACTGCCCGGCTAGAGTGCTGGAGAGGTAAGCGGAATTCCTAGTGTAGCGGTGAAATGCGTAGATATTAGGAGGAACACCAGTGGCGAAGGCGGCTTACTGGACAGTAACTGACGTTGAGGCTCGAAAGCGTGGGGAGCAAACAGG","Bacteria","Firmicutes","Clostridia","Clostridiales","Lachnospiraceae","Lachnoclostridium"
"TACGTAGGGAGCGAGCGTTATCCGGAATTATTGGGCGTAAAGGGTGCGTAGATGGCATAGTAAGTCTTTTGTAAAAATGCTGGGCTCAACCCAGTAGGGCAAAAGATACTGCAAAGCTAGAGTATGACAGAGGCAAGTGGAACTACATGTGTAGCGGTAAAATGCGTAAATATATGTAAGAACACCAGTGGCGAAGGCGGCTTGCTGGGTCGATACTGACATTGAGGCACGAAAGCGTGGGGAGCAAACAGG","Bacteria","Tenericutes","Mollicutes","Anaeroplasmatales","Anaeroplasmataceae","Anaeroplasma"
"TACGTAGGTGGCGAGCGTTATCCGGATTTATTGGGCGTAAAGCGTCCGCAGCCGGTTTATTAAGTATAGAATAAAACTTCGGGGCTCAACCCCGTCTCGTTCTATAAACTGATAGACTAGAGTGTGGTAGAGGCAAGTGGAATTTCTAGTGTAGCGGTAGAATGCGTAGATATTAGAAGGAACACCAGTGGCGAAGGCGACTTGCTGGGCCATCACTGACGGTCAGGGACGAAAGCGTGGGGAGCGAATAGG","Bacteria","Tenericutes","Mollicutes","Mollicutes_RF39",NA,NA
"TACGTAGGTGGCAAGCGTTGTCCGGATTTACTGGGCGTAAAGGGAGCGTAGGTGGATATTTAAGTGGGATGTGAAATACTCGGGCTTAACCTGGGTGCTGCATTCCAAACTGGATATCTAGAGTGCAGGAGAGGAAAGTAGAATTCCTAGTGTAGCGGTGAAATGCGTAGAGATTAGGAAGAATACCAGTGGCGAAGGCGACTTTCTGGACTGTAACTGACACTGAGGCTCGAAAGCGTGGGGAGCAAACAGG","Bacteria","Firmicutes","Clostridia","Clostridiales","Clostridiaceae_1","Clostridium_sensu_stricto_1"
"TACGTAGGTGGCAAGCGTTGTCCGGATTTACTGGGTGTAAAGGGCGTGTAGCCGGGCTTACAAGTCAGATGTGAAATCCGGGGGCTCAACCCCCGAACTGCATTTGAAACTGTAGGTCTTGAGTATCGGAGAGGCAGGCGGAATTCCTAGTGTAGCGGTGAAATGCGTAGATATTAGGAGGAACACCAGTGGCGAAGGCGGCCTGCTGGACGACAACTGACGGTGAGGCGCGAAAGCGTGGGGAGCAAACAGG","Bacteria","Firmicutes","Clostridia","Clostridiales","Ruminococcaceae","Ruminiclostridium"
"TACGTAGGTGGCAAGCGTTATCCGGATTTATTGGGTGTAAAGGGCGTGTAGGCGGGAATGCAAGTCAGATGTGAAAACTATGGGCTCAACCCATAGCCTGCATTTGAAACTGTATTTCTTGAGTGCTGGAGAGGCAATCGGAATTCCGTGTGTAGCGGTGAAATGCGTAGATATACGGAGGAACACCAGTGGCGAAGGCGGATTGCTGGACAGTAACTGACGCTGAGGCGCGAAAGCGTGGGGAGCAAACAGG","Bacteria","Firmicutes","Clostridia","Clostridiales","Ruminococcaceae","Intestinimonas"
"TACGTAGGGTGCGAGCGTTAATCGGAATTACTGGGCGTAAAGCGGGCGCAGACGGTTACTTAAGCAGGATGTGAAATCCCCGGGCTCAACCCGGGAACTGCGTTCTGAACTGGGTGACTCGAGTGTGTCAGAGGGAGGTAGAATTCCACGTGTAGCAGTGAAATGCGTAGAGATGTGGAGGAATACCGATGGCGAAGGCAGCCTCCTGGGACAACACTGACGTTCATGCCCGAAAGCGTGGGTAGCAAACAGG","Bacteria","Proteobacteria","Gammaproteobacteria","Betaproteobacteriales","Neisseriaceae","Neisseria"
"TACGTAGGGGGCAAGCGTTATCCGGATTTACTGGGTGTAAAGGGAGCGTAGACGGTTGTGCAAGTCTGAAGTGAAAGCCCGCGGCTCAACTGCGGAACGGCTTTGGAAACTGTGTAACTGGAGTGCTGGAGAGGTAAGCGGAATTCCTGGTGTAGCGGTGAAATGCGTAGAGATCAGGAGGAACACCGGCGGCGAAGGCGGCTTACTGGACAGTAACTGACGTTGAGGCTCGAAAGCGTGGGGAGCAAACAGG","Bacteria","Firmicutes","Clostridia","Clostridiales","Lachnospiraceae",NA
"TACGTAGGGTGCAAGCGTTATCCGGATTTATTGGGCGTAAAGGGCTCGTAGGCGGTTCGTCGCGTCCGGTGTGAAAGTCCATCGCTTAACGGTGGATCCGCGCCGGGTACGGGCGGGCTTGAGTGCGGTAGGGGAGACTGGAATTCCCGGTGTAACGGTGGAATGTGTAGATATCGGGAAGAACACCAATGGCGAAGGCAGGTCTCTGGGCCGTTACTGACGCTGAGGAGCGAAAGCGTGGGGAGCGAACAGG","Bacteria","Actinobacteria","Actinobacteria","Bifidobacteriales","Bifidobacteriaceae","Bifidobacterium"
"TACGTAGGGGGCAAGCGTTATCCGGATTCACTGGGTGTAAAGGGAGCGTAGACGGCCATGCAAGCCAGGGGTGAAAGCCCGGGGCCCAACCCCGGGACTGCCCTTGGAACTGTGCGGCTGGAGTGCGGGAGGGGCAGGCGGAATTCCTGGTGTAGCGGTGAAATGCGTAGATATCAGGAGGAACACCGGCGGCGAAGGCGGCCTGCTGGACCGCGACTGACGTTGAGGCTCGAAAGCGTGGGGAGCGAACAGG","Bacteria","Firmicutes","Clostridia","Clostridiales","Lachnospiraceae","Acetatifactor"
"TACGTAGGGGGCAAGCGTTATCCGGAATCACTGGGTGTAAAGGGAGCGTAGACGGCTGTGCAAGCCTGAAGTGAAAGGCGGGGGCCCAACCCCTGGACTGCTTTGGGAACTGTACGGCTGGAGTGCAGGAGAGGTAAGTGGAATTCCTAGTGTAGCGGTGAAATGCGTAGATATTAGGAGGAACACCAGTGGCGAAGGCGGCTTACTGGACTGTAACTGACGTTGAGGCTCGAAAGCGTGGGGAGCAAACAGG","Bacteria","Firmicutes","Clostridia","Clostridiales","Lachnospiraceae","Lachnospiraceae_NK4A136_group"
"TACGTAGGGGGCGAGCGTTATCCGGATTTACTGGGTGTAAAGGGAGCGTAGACGGTTCTGCAAGTCTGAAGTGAAAGCCCGTGGCTTAACCGCGGAACGGCTTTGGAAACTGTGGAACTGGAGTGCTGGAGAGGCAAGCGGAATTCCTAGTGTAGCGGTGAAATGCGTAGATATTAGGAGGAACACCAGTGGCGAAGGCGGCTTGCTGGACAGTAACTGACGTTGAGGCTCGAAAGCGTGGGGAGCAAACAGG","Bacteria","Firmicutes","Clostridia","Clostridiales","Lachnospiraceae",NA
"TACGTAGGGGGCAAGCGTTATCCGGATTCACTGGGCGTAAAGGGAGCGCAGGCGGCACGGCAAGTCTGGTGTGAAAACCCGGGGCTCAACCCCGGGACTGCATTGGAAACTGCCGGGCTGGAGTGTCGGAGGGGTAAGCGGAATTCCTAGTGTAGCGGTGAAATGCGTAGATATTAGGAGGAACACCAGTGGCGAAGGCGGCTTACTGGACGATGACTGACGCTGAGGCTCGAAAGCGTGGGGAGCAAACAGG","Bacteria","Firmicutes","Clostridia","Clostridiales","Lachnospiraceae","Roseburia"
"TACGTAGGGGGCAAGCGTTATCCGGATTTACTGGGTGTAAAGGGAGCGTAGACGGCAATACAAGTCGGAAGTGAAATACCCGGGCTCAACCTGGGAACTGCTTTGGAAACTGTATGGCTGGAGTGCTGGAGAGGTAAGCGGAATTCCTAGTGTAGCGGTGAAATGCGTAGATATTAGGAGGAACACCAGTGGCGAAGGCGGCTTACTGGACAGTAACTGACGTTGAGGCTCGAAAGCGTGGGGAGCAAACAGG","Bacteria","Firmicutes","Clostridia","Clostridiales","Lachnospiraceae","Lachnospiraceae_UCG-004"
"TACGTAGGGGGCAAGCGTTATCCGGATTTACTGGGTGTAAAGGGAGCGTAGACGGTGATGCAAGTCTGAAGTGAAAGGCGGGGGCTCAACCCCCGGACTGCTTTGGAAACTGTATGACTGGAGTGCAGGAGAGGTAAGTGGAATTCCTAGTGTAGCGGTGAAATGCGTAGATATTAGGAGGAACACCAGTGGCGAAGGCGGCTTACTGGACTGTAACTGACGTTGAGGCTCGAAAGCGTGGGGAGCAAACAGG","Bacteria","Firmicutes","Clostridia","Clostridiales","Lachnospiraceae","Lachnospiraceae_NK4A136_group"
"TACGTAGGTGGCAAGCGTTGTCCGGATTTACTGGGTGTAAAGGGCGTGTAGCCGGGCTGACAAGTCAGATGTGAAATCCGGGGGCTCAACCCCCGAACTGCATTTGAAACTGTTGGTCTTGAGTATCGGAGAGGCAGGCGGAATTCCTAGTGTAGCGGTGAAATGCGTAGATATTAGGAGGAACACCAGTGGCGAAGGCGGCCTGCTGGACGACAACTGACGGTGAGGCGCGAAAGCGTGGGGAGCAAACAGG","Bacteria","Firmicutes","Clostridia","Clostridiales","Ruminococcaceae","Ruminiclostridium"
"TACGTAGGTGGCGAGCGTTGTCCGGATTTACTGGGCGTAAAGGGAGCGTAGGCGGACTTTTAAGTGAGATGTGAAATACTCGGGCTCAACTTGAGTGCTGCATTTCAAACTGGAAGTCTAGAGTGCAGGAGAGGAGAATGGAATTCCTAGTGTAGCGGTGAAATGCGTAGAGATTAGGAAGAACACCAGTGGCGAAGGCGATTCTCTGGACTGTAACTGACGCTGAGGCTCGAAAGCGTGGGGAGCAAACAGG","Bacteria","Firmicutes","Clostridia","Clostridiales","Clostridiaceae_1","Clostridium_sensu_stricto_1"
"TACGTAGGGGGCAAGCGTTATCCGGATTCACTGGGCGTAAAGGGAGCGCAGGCGGCATGGCAAGTCTGATGTGAAAACCCGGGGCCCAACCCCGGGAGTGCATTGGAAACTGCCAGGCTGGAGTGTCGGAGGGGTAAGCGGAATTCCTAGTGTAGCGGTGAAATGCGTAGATATTAGGAGGAACACCAGTGGCGAAGGCGGCTTACTGGACGACTACTGACGCTGAGGCTCGAAAGCGTGGGGAGCAAACAGG","Bacteria","Firmicutes","Clostridia","Clostridiales","Lachnospiraceae","Roseburia"
"TACGTAGGGGGCAAGCGTTATCCGGATTTACTGGGTGTAAAGGGAGCGTAGACGGCTGTGCAAGTCTGAAGTGAAAGCCCAGGGCTCAACCCTGGGACTGCTTTGGAAACTGTGGAGCTAGAGTGCTGGAGAGGTAAGTGGAATTCCTAGTGTAGCGGTGAAATGCGTAGATATTAGGAGGAACACCAGTGGCGAAGGCGGCTTACTGGACAGTAACTGACGTTGAGGCTCGAAAGCGTGGGGAGCAAACAGG","Bacteria","Firmicutes","Clostridia","Clostridiales","Lachnospiraceae","Lachnoclostridium"
"TACGTAGGGAGCAAGCGTTGTTCGGAATGACTGGGCGTAAAGGGTGCGTAGGCGGTTGTACAAGTTAGAAGTGAAATACCCAGGGCTTAACTCGGGTGCTGCTTCTAAAACTGTATGACTTGAGTGCAGTAGAGGTTAGTGGAATTCCTAGTGTAGCGGTGGAATGCGTAGATATTAGGAGGAACACCAGAGGCGAAGGCGGCTAACTGGACTGCAACTGACGCTGAGGCACGAAAGTGTGGGGAGCAAACAGG","Bacteria","Firmicutes","Clostridia","Clostridiales","Clostridiales_vadinBB60_group",NA
"TACGTAGGGGGCAAGCGTTATCCGGATTTACTGGGTGTAAAGGGAGCGTAGACGGTGATGCAAGTCAGAAGTGAAAGCCCGGGGCTCAACTCCGGGACTGCTTTTGAAACTGTGTGACTGGAGTGCAGGAGAGGTAAGCGGAATTCCTGGTGTAGCGGTGAAATGCGTAGATATCAGGAGGAACACCAGTGGCGAAGGCGGCTTACTGGACTGTAACTGACGTTGAGGCTCGAAAGCGTGGGGAGCAAACAGG","Bacteria","Firmicutes","Clostridia","Clostridiales","Lachnospiraceae","Lachnospiraceae_FCS020_group"
"TACGGAGGATCCGAGCGTTATCCGGATTTATTGGGTTTAAAGGGAGCGTAGATGGATGTTTAAGTCAGTTGTGAAAGTTTGCGGCTCAACCGTAAAATTGCAGTTGATACTGGATATCTTGAGTGCAGTTGAGGCAGGCGGAATTCGTGGTGTAGCGGTGAAATGCTTAGATATCACGAAGAACTCCGATTGCGAAGGCAGCCTGCTAAGCTGCAACTGACATTGAGGCTCGAAAGTGTGGGTATCAAACAGG","Bacteria","Bacteroidetes","Bacteroidia","Bacteroidales","Bacteroidaceae","Bacteroides"
"TACGTAGGGGGCAAGCGTTATCCGGATTTACTGGGTGTAAAGGGGGCGCAGACGGCAGCGCAAGCCAGGAGTGAAAGCCCGGGGCCCAACCCCGGGACTGCTCTTGGAACTGCGCGGCTGGAGTGCAGGAGGGGCAGGCGGAATTCCTGGTGTAGCGGTGAAATGCGTAGATATCAGGAGGAACACCGGTGGCGAAGGCGGCCTGCTGGACTGCGACTGACGTTGAGGCCCGAAAGCGTGGGGAGCAAACAGG","Bacteria","Firmicutes","Clostridia","Clostridiales","Lachnospiraceae",NA
"TACGTAGGTCCCGAGCGTTGTCCGGATTTATTGGGCGTAAAGGGAGCGCAGGCGGTCAGGAAAGTCTGGAGTAAAAGGCTATGGCTCAACCATAGTGTGCTCTGGAAACTGTCTGACTTGAGTGCAGAAGGGGAGAGTGGAATTCCATGTGTAGCGGTGAAATGCGTAGATATATGGAGGAACACCAGTGGCGAAAGCGGCTCTCTGGTCTGTCACTGACGCTGAGGCTCGAAAGCGTGGGTAGCGAACAGG","Bacteria","Firmicutes","Bacilli","Lactobacillales","Streptococcaceae","Streptococcus"
"TACGTAGGTGGCAAGCGTTGTCCGGATTTACTGGGTGTAAAGGGCGTGTAGCCGGGTTGACAAGTCAGATGTGAAATCCTGCGGCTTAACCGCAGAACTGCATTTGAAACTGTTGATCTTGAGTACTGGAGAGGCAGACGGAATTCCTAGTGTAGCGGTGAAATGCGTAGATATTAGGAGGAACACCAGTGGCGAAGGCGGTCTGCTGGACAGCAACTGACGGTGAGGCGCGAAAGCGTGGGGAGCAAACAGG","Bacteria","Firmicutes","Clostridia","Clostridiales","Ruminococcaceae","Ruminiclostridium"
"TACGTAGGGGGCAAGCGTTATCCGGAATTACTGGGTGTAAAGGGAGCGTAGACGGTGATGTAAGTCTGGAGTGAAAGGCGGGGGCCCAACCCCCGGACTGCTCTGGAAACTATGTGACTGGAGTGCAGGAGAGGTGAGCGGAATTCCTAGTGTAGCGGTGAAATGCGTAGATATTAGGAGGAACACCAGTGGCGAAGGCGGCTCACTGGACTGTAACTGACGTTGAGGCTCGAAAGCGTGGGGAGCAAACAGG","Bacteria","Firmicutes","Clostridia","Clostridiales","Lachnospiraceae","Lachnospiraceae_NK4A136_group"
"TACGGAGGGTGCAAGCGTTAATCGGAATTACTGGGCGTAAAGCGCACGCAGGCGGTTTGTTAAGTCAGATGTGAAATCCCCGGGCTCAACCTGGGAACTGCATCTGATACTGGCAAGCTTGAGTCTCGTAGAGGGGGGTAGAATTCCAGGTGTAGCGGTGAAATGCGTAGAGATCTGGAGGAATACCGGTGGCGAAGGCGGCCCCCTGGACGAAGACTGACGCTCAGGTGCGAAAGCGTGGGGAGCAAACAGG","Bacteria","Proteobacteria","Gammaproteobacteria","Enterobacteriales","Enterobacteriaceae","Escherichia/Shigella"
"TACGTAGGGGGCAAGCGTTATCCGGATTTACTGGGTGTAAAGGGAGCGCAGGCGGCGCGGCAAGTCTGATGTGAAAGCCCGGGGCTCAACCCCGGGACTGCATTGGAAACTGTCGCGCTCGAGTGTCGGAGAGGTAAGTGGAATTCCTAGTGTAGCGGTGAAATGCGTAGATATTAGGAGGAACACCAGTGGCGAAGGCGGCTTACTGGACGACAACTGACGCTGAGGCTCGAAAGCGTGGGGAGCAAACAGG","Bacteria","Firmicutes","Clostridia","Clostridiales","Lachnospiraceae","Roseburia"
"TACGTAGGGGGCAAGCGTTATCCGGATTTACTGGGTGTAAAGGGAGCGTAGACGGTATGGCAAGTCTGATGTGAAAACCCGGGGCTCAACCCCGGGACTGCATTGGAAACTGTCGGACTAGAGTGTCGGAGAGGCAAGTGGAATTCCTAGTGTAGCGGTGAAATGCGTAGATATTAGGAGGAACACCAGTGGCGAAGGCGGCTTGCTGGACGATGACTGACGTTGAGGCTCGAAAGCGTGGGGAGCAAACAGG","Bacteria","Firmicutes","Clostridia","Clostridiales","Lachnospiraceae",NA
"TACGTAGGGGGCAAGCGTTATCCGGATTTACTGGGTGTAAAGGGAGCGTAGACGGTCCTGCAAGCCAGATGTGAAAGCCCGGGGCTCAACCCCGGGACTGCATTTGGAACTGTAAGGCTAGAGTGTCGGAGAGGCAGGCGGAATTCCTAGTGTAGCGGTGAAATGCGTAGATATTAGGAGGAACACCAGTGGCGAAGGCGGCCTGCTGGACGATGACTGACGTTGAGGCTCGAAAGCGTGGGGAGCAAACAGG","Bacteria","Firmicutes","Clostridia","Clostridiales","Lachnospiraceae","Lachnoclostridium"
"TACGTAGGTGGCAAGCGTTGTCCGGATTTATTGGGCGTAAAGCGAGCGCAGGCGGTTTCTTAAGTCTGATGTGAAAGCCCCCGGCTCAACCGGGGAGGGTCATTGGAAACTGGGAGACTTGAGTGCAGAAGAGGAGAGTGGAATTCCATGTGTAGCGGTGAAATGCGTAGATATATGGAGGAACACCAGTGGCGAAGGCGGCTCTCTGGTCTGTAACTGACGCTGAGGCTCGAAAGCGTGGGGAGCAAACAGG","Bacteria","Firmicutes","Bacilli","Lactobacillales","Enterococcaceae","Enterococcus"
"TACGTAGGATCCGAGCATTATCCGGAGTGACTGGGTGTAAAGAGTTGCGTAGGTGGCATAGTAAGTAGCTAGTGAAATCTGGTGGCTCAACCATTCAGACTATTAGCTAAACTGCTAAGCTCGAGACCGTTAGGGGTAACTGGAATTTCTAGTGTAGGAGTGAAATCCGTAGATATTAGAAGGAACACCGATAGCGTAGGCAGGTTACTGGGACGGTTCTGACACTAAGGCACGAAAGCGTAGGGAGCAAACGGG","Bacteria","Patescibacteria","Saccharimonadia","Saccharimonadales","Saccharimonadaceae","Candidatus_Saccharimonas"
"TACGTAGGGGGCAAGCGTTATCCGGATTTACTGGGTGTAAAGGGAGCGTAGACGGCTGTGCAAGTCTGAAGTGAAATGCCGGGGCTCAACCCCGGAACTGCTTTGGAAACTGTACAGCTAGAGTGCAGGAGGGGTGAGCGGAATTCCTAGTGTAGCGGTGAAATGCGTAGATATTAGGAGGAACACCGGTGGCGAAGGCGGCTCACTGGACTGTAACTGACGTTGAGGCTCGAAAGCGTGGGGAGCAAACAGG","Bacteria","Firmicutes","Clostridia","Clostridiales","Lachnospiraceae","Lachnospiraceae_NK4A136_group"
"TACGTAGGTGGCAAGCGTTATCCGGATTTACTGGGTGTAAAGGGCGTGTAGGCGGGAAAGCAAGTCAGATGTGAAAACCATGGGCTCAACCTGTGGCCTGCATTTGAAACTGTTTTTCTTGAGTACTGGAGAGGCAGACGGAATTCCTAGTGTAGCGGTGAAATGCGTAGATATTAGGAGGAACACCAGTGGCGAAGGCGGTCTGCTGGACAGCAACTGACGCTGAGGCGCGAAAGCGTGGGGAGCAAACAGG","Bacteria","Firmicutes","Clostridia","Clostridiales","Ruminococcaceae","Ruminiclostridium_9"
"TACGTAGGTGGCAAGCGTTATCCGGATTTACTGGGTGTAAAGGGCGTGTAGGCGGGGACGCAAGTCAGATGTGAAAACCACGGGCTCAACCTGTGGCCTGCATTTGAAACTGTGTTTCTTGAGTACTGGAGAGGCAGACGGAATTCCTAGTGTAGCGGTGAAATGCGTAGATATTAGGAGGAACACCAGTGGCGAAGGCGGTCTGCTGGACAGCAACTGACGCTGAGGCGCGAAAGCGTGGGGAGCAAACAGG","Bacteria","Firmicutes","Clostridia","Clostridiales","Ruminococcaceae","Ruminiclostridium_9"
"TACGTAGGGGGCAAGCGTTATCCGGATTTACTGGGTGTAAAGGGAGCGTAGACGGCCAGACAAGTCTGAAGTGAAAATCCAGCGCTTAACGTTGGAAGTGCTTTGGAAACTGCCGGGCTGGAGTGCAGGAGGGGCAGGCGGAATTCCTAGTGTAGCGGTGAAATGCGTAGATATTAGGAGGAACACCAGTGGCGAAGGCGGCCTGCTGGACTGCAACTGACGTTGAGGCTCGAAGGCGTGGGGAGCAAACAGG","Bacteria","Firmicutes","Clostridia","Clostridiales","Lachnospiraceae","Lachnospiraceae_NK4A136_group"
"TACGTAGGGGGCAAGCGTTATCCGGATTTACTGGGTGTAAAGGGAGCGTAGGCGGCCACGCAAGTCAGAAGTGAAAACCCGGGGCTCAACCCTGGGAGTGCTTTTGAAACTGTGCGGCTAGAGTGTCGGAGGGGTAAGTGGAATTCCTAGTGTAGCGGTGAAATGCGTAGATATTAGGAGGAACACCAGTGGCGAAGGCGGCTTACTGGACGATGACTGACGCTGAGGCTCGAAAGCGTGGGGAGCAAACAGG","Bacteria","Firmicutes","Clostridia","Clostridiales","Lachnospiraceae",NA
"TACGTAGGTCCCGAGCGTTGTCCGGATTTATTGGGCGTAAAGCGAGCGCAGGCGGTTCTTTAAGTCTGAAGTTAAAGGCAGTGGCTTAACCATTGTACGCTTTGGAAACTGGAGGACTTGAGTGCAGAAGGGGAGAGTGGAATTCCATGTGTAGCGGTGAAATGCGTAGATATATGGAGGAACACCGGTGGCGAAAGCGGCTCTCTGGTCTGTAACTGACGCTGAGGCTCGAAAGCGTGGGGAGCAAACAGG","Bacteria","Firmicutes","Bacilli","Lactobacillales","Streptococcaceae","Streptococcus"
"TACGTAGGGAGCGAGCGTTGTCCGGAATTACTGGGTGTAAAGGGAGCGTAGGCGGGCGAGAAAGTTGAATGTTAAATCTACCGGCTTAACTGGTAGCTGCGTTCAAAACTTCTTGTCTTGAGTGAAGTAGAGGCAGGCGGAATTCCTAGTGTAGCGGTGAAATGCGTAGATATTAGGAGGAACACCAGTGGCGAAGGCGGCCTGCTGGGCTTTAACTGACGCTGAGGCTCGAAAGCGTGGGGAGCAAACAGG","Bacteria","Firmicutes","Clostridia","Clostridiales","Ruminococcaceae","Anaerotruncus"
"TACGTAGGGGGCAAGCGTTATCCGGATTTACTGGGTGTAAAGGGAGCGTAGACGGCGAAGAAAGTCTGAAGTGAAAGCCCGCGGCTCAACCGCGGAATGGCTTTGGAAACTTTTTTGCTGGAGTACCGGAGAGGTAAGCGGAATTCCTAGTGTAGCGGTGAAATGCGTAGATATTAGGAGGAACACCAGTGGCGAAGGCGGCTTACTGGACGGTAACTGACGTTGAGGCTCGAAAGCGTGGGGAGCAAACAGG","Bacteria","Firmicutes","Clostridia","Clostridiales","Lachnospiraceae",NA
"TACGTAGGTGGCAAGCGTTGTCCGGATTTATTGGGCGTAAAGCGCGCGCAGGCGGTCTTTTAAGTCTGATGTGAAAGCCCCCGGCTTAACCGGGGAGGGTCATTGGAAACTGGAAGACTGGAGTGCAGAAGAGGAGAGTGGAATTCCACGTGTAGCGGTGAAATGCGTAGATATGTGGAGGAACACCAGTGGCGAAGGCGACTCTCTGGTCTGTAACTGACGCTGAGGCGCGAAAGCGTGGGGAGCAAACAGG","Bacteria","Firmicutes","Bacilli","Bacillales","Listeriaceae","Listeria"
"TACGGAGGATGCGAGCGTTATCCGGATTTATTGGGTTTAAAGGGTGCGCAGGCGGGATGCCAAGTCAGCGGTCAAATTTCGGGGCTCAACCCCGACCTGCCGTTGAAACTGGTGTCCTAGAGTGGGCGAGAAGTATGCGGAATGCGTGGTGTAGCGGTGAAATGCATAGATATCACGCAGAACTCCGATTGCGAAGGCAGCATACCGGCGCCCGACTGACGCTCATGCACGAAAGCGTGGGTATCGAACAGG","Bacteria","Bacteroidetes","Bacteroidia","Bacteroidales","Muribaculaceae",NA
"TACGTAGGGGGCAAGCGTTATCCGGATTTACTGGGTGTAAAGGGAGCGTAGACGGTTATGTAAGTCTGAAGTGAAAGCCCGGGGCCCAACCCCGGGACTGCTTTGGAAACTGTGTAACTAGAGTACAGGAGGGGCAGGCGGAATTCCTGGTGTAGCGGTGAAATGCGTAGATATCAGGAGGAACACCGGCGGCGAAGGCGGCCTGCTGGACTGAAACTGACGTTGAGGCTCGAAAGCGTGGGGAGCAAACAGG","Bacteria","Firmicutes","Clostridia","Clostridiales","Lachnospiraceae","Acetatifactor"
"TACGTAGGGGGCAAGCGTTATCCGGATTTACTGGGTGTAAAGGGAGCGTAGACGGACTTGCAAGTCTGATGTGAAAATCCGGGGCCCAACCCCGGAACTGCATTGGAAACTGTATATCTAGAGTGTCGGAGAGGCAAGTGGAATTCCTGGTGTAGCGGTGAAATGCGTAGATATCAGGAGGAACACCAGTGGCGAAGGCGGCTTGCTGGACGATGACTGACGTTGAGGCTCGAAAGCGTGGGGAGCAAACAGG","Bacteria","Firmicutes","Clostridia","Clostridiales","Lachnospiraceae","Lachnospiraceae_UCG-006"
"TACGTAGGGAGCAAGCGTTGTCCGGAATTACTGGGCGTAAAGGGCGCGTAGGTGGGCGCTTAAGTCAGGTGTGAAAACTCCGGGCTCAACCTGGAGACTGCACTTGAAACTGGGTGTCTTGAGGGCAGGAGAGGAAAGTGGAATTCCTAGTGTAGCGGTGAAATGCGTAGATATTAGGAGGAACACCAGTGGCGAAGGCGACTTTCTGGACTGTACCTGACGCTGAGGCGCGAAAGCGTGGGTAGCGAACGGG","Bacteria","Firmicutes","Clostridia","Clostridiales","Peptococcaceae",NA
"TACGAAGGGTGCAAGCGTTAATCGGAATTACTGGGCGTAAAGCGCGCGTAGGTGGTTCAGCAAGTTGGATGTGAAATCCCCGGGCTCAACCTGGGAACTGCATCCAAAACTACTGAGCTAGAGTACGGTAGAGGGTGGTGGAATTTCCTGTGTAGCGGTGAAATGCGTAGATATAGGAAGGAACACCAGTGGCGAAGGCGACCACCTGGACTGATACTGACACTGAGGTGCGAAAGCGTGGGGAGCAAACAGG","Bacteria","Proteobacteria","Gammaproteobacteria","Pseudomonadales","Pseudomonadaceae","Pseudomonas"
"TACGTATGGAGCAAGCGTTATCCGGATTTACTGGGTGTAAAGGGAGCGTAGGCGGCCTGGCAAGTCTGGTGTGAAAACCCGGGGCCCAACCCCGGGAGTGCATTGGAAACTGCCAGGCTGGAGTGCCGGAGGGGCAGGCGGAATTCCTAGTGTAGCGGTGAAATGCGTAGATATTAGGAGGAACACCGGTGGCGAAGGCGGCCTGCTGGACGGCAACTGACGCTGAGGCTCGAAAGCGTGGGGAGCAAACAGG","Bacteria","Firmicutes","Clostridia","Clostridiales","Lachnospiraceae",NA
"TACGTAGGTGGCAAGCGTTATCCGGATTTACTGGGTGTAAAGGGCGTGTAGGCGGGAGAGCAAGTCAGACGTGAAATTCCAGGGCTCAACCCTGGAACTGCGTTTGAAACTGTTCTTCTTGAGTGATGGAGAGGCAGGCGGAATTCCGTGTGTAGCGGTGAAATGCGTAGATATACGGAGGAACACCAGTGGCGAAGGCGGCCTGCTGGACATTAACTGACGCTGAGGCGCGAAAGCGTGGGGAGCAAACAGG","Bacteria","Firmicutes","Clostridia","Clostridiales","Ruminococcaceae","Ruminiclostridium_9"
"GACGGGGGGGGCAAGTGTTCTTCGGAATGACTGGGCGTAAAGGGCACGTAGGCGGTGAATCGGGTTGAAAGTGAAAGTCGCCAAAAAGTGGCGGAATGCTCTCGAAACCAATTCACTTGAGTGAGACAGAGGAGAGTGGAATTTCGTGTGTAGGGGTGAAATCCGTAGATCTACGAAGGAACGCCAAAAGCGAAGGCAGCTCTCTGGGTCCCTACCGACGCTGGGGTGCGAAAGCATGGGGAGCGAACAGG","Bacteria","Proteobacteria","Alphaproteobacteria","Rickettsiales","Mitochondria",NA
"TACGTAGGGGGCAAGCGTTATCCGGATTTACTGGGTGTAAAGGGAGCGTAGACGGCGGTGCAAGCCAGATGTGAAAGCCCGGGGCTCAACCCCGGGACTGCATTTGGAACTGTGCTGCTAGAGTGTCGGAGAGGCAGGCGGAATTCCTAGTGTAGCGGTGAAATGCGTAGATATTAGGAGGAACACCAGTGGCGAAGGCGGCCTGCTGGACGATGACTGACGTTGAGGCTCGAAAGCGTGGGGAGCAAACAGG","Bacteria","Firmicutes","Clostridia","Clostridiales","Lachnospiraceae","Lachnoclostridium"
"TACGGAGGGTGCAAGCGTTACCCGGAATCACTGGGCGTAAAGGGCGTGTAGGCGGAAATTTAAGTCTGGTTTTAAAGACCGGGGCTCAACCTCGGGGATGGACTGGATACTGGATTTCTTGACCTCTGGAGAGGTAACTGGAATTCCTGGTGTAGCGGTGGAATGCGTAGATACCAGGAGGAACACCAATGGCGAAGGCAAGTTACTGGACAGAAGGTGACGCTGAGGCGCGAAAGTGTGGGGAGCAAACCGG","Bacteria","Deinococcus-Thermus","Deinococci","Deinococcales","Deinococcaceae","Deinococcus"
"TACGTATGGAGCAAGCGTTATCCGGATTTACTGGGTGTAAAGGGAGCGTAGGCGGCCTGGCAAGTCTGGTGTGAAATACCGGGGCCCAACCCCGGGACTGCATTGGAAACTGCCAGGCTGGAGTGTCGGAGGGGCAGGCGGAATTCCTAGTGTAGCGGTGAAATGCGTAGATATTAGGAGGAACACCGGTGGCGAAGGCGGCCTGCTGGACGACAACTGACGCTGAGGCTCGAAAGCGTGGGGAGCAAACAGG","Bacteria","Firmicutes","Clostridia","Clostridiales","Lachnospiraceae","A2"
"TACGTAGGGGGCAAGCGTTATCCGGATTTACTGGGTGTAAAGGGAGCGTAGACGGCTGTGCAAGTCTGAAGTGAAATGCCGGGGCCCAACCCCGGAACTGCTTTGGAAACTGTACAGCTAGAGTGCAGGAGGGGTGAGCGGAATTCCTAGTGTAGCGGTGAAATGCGTAGATATTAGGAGGAACACCGGTGGCGAAGGCGGCTCACTGGACTGTAACTGACGTTGAGGCTCGAAAGCGTGGGGAGCAAACAGG","Bacteria","Firmicutes","Clostridia","Clostridiales","Lachnospiraceae","Lachnospiraceae_NK4A136_group"
"TACGTAGGGGGCAAGCGTTATCCGGATTCACTGGGTGTAAAGGGAGCGTAGACGGCGACGCAAGTCTGGAGTGAAAGCCCGGGGCCCAACCCCGGGACTGCTCTGGAAACTGCGTCGCTGGAGTACGGGAGGGGCAGGCGGAATTCCTGGTGTAGCGGTGAAATGCGTAGATATCAGGAGGAACACCGGCGGCGAAGGCGGCCTGCTGGACCGTGACTGACGTTGAGGCTCGAGAGCGTGGGGAGCAAACAGG","Bacteria","Firmicutes","Clostridia","Clostridiales","Lachnospiraceae","Acetatifactor"
"TACGTAGGAGGCAAGCGTTATCCGGAATGACTGGGCGTAAAGGGTGCGTAGGTGGTTTGACAAGTTGGTAGCGTAACTCCGGGGCTCAACCTCGGCACTACTACCAAAACTGTTGGACTTGAGTGCAGGAGGGGCAAATGGAATTCCTAGTGTAGCGGTGGAATGCGTAGATATTAGGAGGAACACCAGTGGCGAAGGCGATTTGCTGGACTGTAACTGACACTGAGGCACGAAAGCGTGGGGAGCAAACAGG","Bacteria","Firmicutes","Clostridia","Clostridiales","Clostridiales_vadinBB60_group",NA
"TACGTAGGGGGCAAGCGTTATCCGGAATTACTGGGTGTAAAGGGAGCGTAGACGGCAATGCAAGTCCGGAGTGGAATGCGGCAGCTCAACTGCCGAACTGCTCTGGAAACTGTATGGCTTGAGTGCAGGAGGGGTAAGCGGAATTCCTGGTGTAGCGGTGAAATGCGTAGATATCAGGAGGAACACCGGTGGCGAAGGCGGCTTACTGGACTGTAACTGACGTTGAGGCTCGAAAGCGTGGGGAGCAAACAGG","Bacteria","Firmicutes","Clostridia","Clostridiales","Lachnospiraceae","Lachnospiraceae_NK4A136_group"
"TACGTATGGTGCAAGCGTTATCCGGATTTACTGGGTGTAAAGGGAGCGCAGGCGGTGCGGCAAGTCTGATGTGAAAGCCCGGGGCTCAACCCCGGGACTGCATTGGAAACTACCGAACTAGAGTGTCGGAGAGGTAAGTGGAATTCCTAGTGTAGCGGTGAAATGCGTAGATATTAGGAGGAACACCAGTGGCGAAGGCGGCTTACTGGACGATAACTGACGCTGAGGCTCGAAAGCGTGGGGAGCAAACAGG","Bacteria","Firmicutes","Clostridia","Clostridiales","Lachnospiraceae","Roseburia"
"TACGTATGGTGCAAGCGTTATCCGGATTTACTGGGTGTAAAGGGAGCGCAGGCGGCGCGTTAAGCCTGGTGTGAAAGCCCGCGGCCCAACCGCGGGACTGCATTGGGAACTGGCGCGCTGGAGTGCCGGAGGGGTAGGCGGAATTCCTAGTGTAGCGGTGAAATGCGTAGATATTAGGAGGAACACCAGTGGCGAAGGCGGCCTACTGGACGGTGACTGACGCTGAGGCTCGAAAGCGTGGGGAGCAAACAGG","Bacteria","Firmicutes","Clostridia","Clostridiales","Lachnospiraceae",NA
"TACGGAGGATGCGAGCGTTATCCGGATTTATTGGGTTTAAAGGGTGCGTAGGTTGTTCGGTAAGTCAGCGGTGAAACCTGAGCGCTCAACGTTCAGCCTGCCGTTGAAACTGCCGGGCTTGAGTTCAGCGGCGGCAGGCGGAATTCGTGGTGTAGCGGTGAAATGCATAGATATCACGAGGAACTCCGATTGCGAAGGCAGCTTGCCATACTGCGACTGACACTGAAGCACGAAGGCGTGGGTATCAAACAGG","Bacteria","Bacteroidetes","Bacteroidia","Bacteroidales","Porphyromonadaceae","Porphyromonas"
"TACGTAGGTGGCAAGCGTTATCCGGATTTACTGGGTGTAAAGGGCGTGTAGGCGGGACTGCAAGTCAGATGTGAAAACCACGGGCTCAACCTGTGGCCTGCATTTGAAACTGTAGTTCTTGAGTACTGGAGAGGCAGACGGAATTCCTAGTGTAGCGGTGAAATGCGTAGATATTAGGAGGAACACCAGTGGCGAAGGCGGTCTGCTGGACAGCAACTGACGCTGAGGCGCGAAAGCGTGGGGAGCAAACAGG","Bacteria","Firmicutes","Clostridia","Clostridiales","Ruminococcaceae","Ruminiclostridium_9"
"TACGTAGGGGGCAAGCGTTATCCGGATTTACTGGGTGTAAAGGGAGCGTAGGTGGCAGGGCAAGTCAGATGTGAAAACCCGGGGCTCAACTCCGGGATTGCATTTGAAACTGTCCGGCTGGAGTGCAGGAGAGGTAAGTGGAATTCCTAGTGTAGCGGTGAAATGCATAGATATTAGGAGGAACACCAGTGGCGAAGGCGGCTTACTGGACTGTAACTGACACTGAGGCTCGAAAGCGTGGGGAGCAAACAGG","Bacteria","Firmicutes","Clostridia","Clostridiales","Lachnospiraceae","Herbinix"
"TACGTAGGGAGCAAGCGTTATCCGGAATTATTGGGTGTAAAGGGTGCGTAGACGGGATAACAAGTTGGTTGTGAAACCCCTCGGCTCAACTGAGGAACTGCAACCAAAACTATTATTCTTGAGTGCAGGAGAGGAAAGTGGAATTCCTAGTGTAGCGGTGAAATGCGTAGATATTAGGAAGAACACCGGTGGCGAAGGCGACTTTCTGGACTGTAACTGACGTTGAGGCACGAAAGTGTGGGGAGCAAACAGG","Bacteria","Firmicutes","Clostridia","Clostridiales","Ruminococcaceae","Ruminococcaceae_UCG-014"
"TACGTATGGAGCAAGCGTTATCCGGATTTACTGGGTGTAAAGGGAGAGTAGGTGGCAGAGCAAGTCCGAAGTGAAAACCCAAAGCTCAACTATGGGAATGCTTTAGAAACTGCTCAGCTAGAGTGCAGGAGAGGCAAGTGGAATTCTTAGTGTAGCGGTGAAATGCGTAGATATTAGGAGGAACACCAGTGGCGAAGGCGGCTTGCTGGACTGTAACTGACACTGAGGCTCGAAAGCGTGGGGAGCAAACAGG","Bacteria","Firmicutes","Clostridia","Clostridiales","Lachnospiraceae",NA
"TACGTAGGGGGCAAGCGTTATCCGGATTTACTGGGTGTAAAGGGAGCGTAGGTGGCATGGCAAGCCAGAAGTGAAAACCCGGGGCTTAACCCCGCGGATTGCTTTTGGAACTGTCAGGCTGGAGTGCAGGAGGGGCAGGCGGAATTCCTGGTGTAGCGGTGAAATGCGTAGATATCAGGAGGAACACCGGTGGCGAAGGCGGCCTGCTGGACTGTAACTGACACTGAGGCTCGAAAGCGTGGGGAGCAAACAGG","Bacteria","Firmicutes","Clostridia","Clostridiales","Lachnospiraceae","Lachnospiraceae_FCS020_group"
"TACGTATGGGGCAAGCGTTATCCGGATTTACTGGGTGTAAAGGGAGCGTAGGCGGCAGGGCAAGCCTGATGTGAAAGCCCGGGGCTCAACCCCGGGACTGCATTGGGAACTGCCCTGCTGGAGTGCCGGAGGGGCAGGCGGAATTCCTAGTGTAGCGGTGAAATGCGTAGATATTAGGAGGAACACCAGTGGCGAAGGCGGCCTGCTGGACGGTGACTGACGCTGAGGCTCGAAAGCGTGGGGAGCAAACAGG","Bacteria","Firmicutes","Clostridia","Clostridiales","Lachnospiraceae","A2"
"TACGTATGGTGCAAGCGTTATCCGGATTTACTGGGTGTAAAGGGAGCGCAGGCGGTACGGCAAGTCTGATGTGAAAGCCCGGGGCTCAACCCCGGTACTGCATTGGAAACTGCCGGACTGGAGTGTCGGAGGGGTAAGCGGAATTCCTGGTGTAGCGGTGAAATGCGTAGATATCAGGAGGAACACCGGTGGCGAAGGCGGCTTACTGGACGATGACTGACGCTGAGGCTCGAAAGCGTGGGGAGCAAACAGG","Bacteria","Firmicutes","Clostridia","Clostridiales","Lachnospiraceae","Roseburia"
"TACGTAGGGGGCAAGCGTTATCCGGATTCACTGGGCGTAAAGGGAGCGCAGGCGGCACGGCAAGTCTGGTGTGAAAGCCCGGGGCCCAACCCCGGGACTGCATTGGAAACTGCCGGGCTGGAGTGCCGGAGGGGTAAGCGGAATTCCTGGTGTAGCGGTGAAATGCGCAGATATCAGGAAGAACACCGGTGGCGGAGGCGGCTTACTGGACGGCAACTGACGCTGAGGCTCGAAAGCGTGGGGAGCAAACAGG","Bacteria","Firmicutes","Clostridia","Clostridiales","Lachnospiraceae","Roseburia"
"TACGTATGGGGCAAGCGTTATCCGGATTTACTGGGTGTAAAGGGAGCGTAGGCGGCAGGGCAAGCCTGATGTGAAAGCCCGGGGCTCAACCCCGGGACTGCATTGGGAACTGCCCCGCTCGAGTGCCGGAGGGGCAGGCGGAATTCCTAGTGTAGCGGTGAAATGCGTAGATATTAGGAGGAACACCAGTGGCGAAGGCGGCCTGCTGGACGGTGTACTGACGCTGAGGCTCGAAAGCGTGGGGAGCAAACAGG","Bacteria","Firmicutes","Clostridia","Clostridiales","Lachnospiraceae","A2"
"TACGTAGGGGGCAAGCGTTATCCGGATTTACTGGGTGTAAAGGGAGCGTAGACGGATAAGCAAGTCTGATGTGAAAATCCGGGGCCCAACCCCGGAATTGCATTGGAAACTGCATATCTAGAGTGTCGGAGAGGCAAGTGGAATTCCTGGTGTAGCGGTGAAATGCGTAGATATCAGGAGGAACACCAGTGGCGAAGGCGGCTTGCTGGACGATGACTGACGTTGAGGCTCGAAAGCGTGGGGAGCAAACAGG","Bacteria","Firmicutes","Clostridia","Clostridiales","Lachnospiraceae","Lachnospiraceae_UCG-006"
"TACGTAGGGGGCAAGCGTTATCCGGATTTACTGGGTGTAAAGGGAGCGTAGACGGCAGGGCAAGTCTGGAGTGAAAGCCCGGGGCCCAACCCCGGGACTGCTTTGGAAACTGCCATGCTGGAGTGCTGGAGAGGTAAGCGGAATTCCTAGTGTAGCGGTGAAATGCGTAGATATTAGGAGGAACACCAGTGGCGAAGGCGGCTTACTGGACAGTAACTGACGTTGAGGCTCGAAAGCGTGGGGAGCAAACAGG","Bacteria","Firmicutes","Clostridia","Clostridiales","Lachnospiraceae","Lachnoclostridium"
"TACGTAGGGGGCAAGCGTTATCCGGATTTACTGGGTGTAAAGGGAGCGTAGACGGCAGTGCAAGTCTGGAGTGAAAGGCGGGGGCTCAACCCCCGGACTGCTCTGGAAACTGTACGGCTGGAGTGCAGGAGAGGTAAGTGGAATTCCTAGTGTAGCGGTGAAATGCGTAGATATTAGGAGGAACACCAGTGGCGAAGGCGGCTTACTGGACTGTAACTGACGTTGAGGCTCGAAAGCGTGGGGAGCAAACAGG","Bacteria","Firmicutes","Clostridia","Clostridiales","Lachnospiraceae","Lachnospiraceae_NK4A136_group"
"TACGTAGGGGGCGAGCGTTATCCGGATTCACTGGGCGTAAAGGGAGCGCAGGCGGCACGGCAAGTCCGGTGTGAAAGCCCGGGGCCCAACCCCGGGACTGCACTGGAAACTGCCGGGCTGGAGTGTCGGAGGGGCAGGCGGAATTCCTAGTGTAGCGGTGAAATGCGTAGATATTAGGAGGAACACCGGTGGCGAAGGCGGCCTGCTGGACGACGACTGACGCTGAGGCTCGAAAGCGTGGGGAGCAAACAGG","Bacteria","Firmicutes","Clostridia","Clostridiales","Lachnospiraceae","Roseburia"
"TACGTAGGGGGCAAGCGTTATCCGGATTTACTGGGTGTAAAGGGAGCGTAGACGGCTAATCAAGTCAGAAGTGAAAACCCAGGGCTCAACCTTGGGACTGCTTTTGAAACTGAGTAGCTAGAGTGCAGGAGAGGTAAGCGGAATTCCTAGTGTAGCGGTGAAATGCGTAGATATTAGGAGGAACACCAGTGGCGAAGGCGGCTTACTGGACTGTAACTGACGTTGAGGCTCGAAAGCGTGGGGAGCAAACAGG","Bacteria","Firmicutes","Clostridia","Clostridiales","Lachnospiraceae",NA
"TACGTAGGGGGCGAGCGTTATCCGGATTTACTGGGTGTAAAGGGAGCGTAGACGGCCATGCAAGCTCGGTGTGAAAGGTGCGGGCACAACCCGCAGACTGCACTGAGAACTGTATGGCTGGAGTGCCGGAGGGGCAGGCGGAATTCCTGGTGTAGCGGTGAAATGCGTAGATATCAGGAGGAACACCGGTGGCGAAGGCGGCCTGCTGGACGGCGACTGACGTTGAGGCTCGAAAGCGTGGGGAGCGAACAGG","Bacteria","Firmicutes","Clostridia","Clostridiales","Lachnospiraceae",NA
"TACGTAGGGAGCAAGCGTTGTCCGGAATTACTGGGTGTAAAGGGAGCGTAGGCGGGGATGCAAGTTGGGTGTCAAAACTACCGGCTCAACCGATAGTCGCACTCAAAACTGCAGCTCTTGAGTGAAGTAGAGGCAGGCGGAATTCCTAGTGTAGCGGTGAAATGCGTAGATATTAGGAGGAACACCAGTGGCGAAGGCGGCCTGCTGGGCTTTTACTGACGCTGAGGCTCGAAAGTGTGGGGAGCAAACAGG","Bacteria","Firmicutes","Clostridia","Clostridiales","Ruminococcaceae",NA
"TACGTAGGGGGCAAGCGTTATCCGGAATCACTGGGTGTAAAGGGAGCGTAGACGGCTGAGCAAGCCTGAAGTGAAAGGCGGGGGCCCAACCCCCGGACTGCTTTGGGAACTGTACGGCTGGAGTGCAGGAGAGGTAAGTGGAATTCCTAGTGTAGCGGTGAAATGCGTAGATATTAGGAGGAACACCAGTGGCGAAGGCGGCTTACTGGACTGTAACTGACGTTGAGGCTCGAAAGCGTGGGGAGCAAACAGG","Bacteria","Firmicutes","Clostridia","Clostridiales","Lachnospiraceae","Lachnospiraceae_NK4A136_group"
"TACGTAGGGGGCGAGCGTTATCCGGATTTACTGGGTGTAAAGGGAGCGCAGGCGGCGTGGCAAGTCAGATGTGAAAACCCGGGGCCCAACCCCGGGACTGCATTTGAAACTGCCATGCTGGAGTGCCGGAGAGGCAAGTGGAATTCCTAGTGTAGCGGTGAAATGCGTAGATATTAGGAGGAACACCAGTGGCGAAGGCGGCTTGCTGGACGGTAACTGACGCTGAGGCTCGAAAGCGTGGGGAGCAAACAGG","Bacteria","Firmicutes","Clostridia","Clostridiales","Lachnospiraceae","Lachnospiraceae_UCG-001"
"TACGTAGGGGGCGAGCGTTATCCGGATTCACTGGGTGTAAAGGGAGCGTAGACGGCCATGCAAGCCAGGGGTGAAAGCCCGGGGCCCAACCCCGGGACTGCCCTTGGAACTGCATGGCTGGAGTGCGGGAGGGGCAGGCGGAATTCCTGGTGTAGCGGTGAAATGCGTAGATATCAGGAGGAACACCGGCGGCGAAGGCGGCCTGCTGGACCGCGACTGACGTTGAGGCTCGAAAGCGTGGGGAGCGAACAGG","Bacteria","Firmicutes","Clostridia","Clostridiales","Lachnospiraceae","Acetatifactor"
"TACGTAGGGGGCAAGCGTTATCCGGATTTACTGGGTGTAAAGGGAGCGTAGGCGGTTTAGCAAGTCAGAAGTGAAAGCCCGGGGCTCAACTCCGGGACTGCTTTTGAAACTGTTGAACTAGATTGCAGGAGAGGTAAGTGGAATTCCTAGTGTAGCGGTGAAATGCGTAGATATTAGGAGGAACACCAGTGGCGAAGGCGGCTTACTGGACTGTAAATGACGCTGAGGCTCGAAAGCGTGGGGAGCAAACAGG","Bacteria","Firmicutes","Clostridia","Clostridiales","Lachnospiraceae","GCA-900066575"
"TACGTAGGGGGCGAGCGTTATCCGGATTTACTGGGTGTAAAGGGAGCGCAGGCGGCGTGGCAAGTCAGATGTGAAAACCCGGGGCCCAACCCCGGGACTGCATTTGAAACTGCCATGCTGGAGTGCCGGAGAGGTAAGTGGAATTCCTAGTGTAGCGGTGAAATGCGTAGATATTAGGAGGAACACCAGTGGCGAAGGCGGCTTACTGGACGGTAACTGACGCTGAGGCTCGAAAGCGTGGGGAGCAAACAGG","Bacteria","Firmicutes","Clostridia","Clostridiales","Lachnospiraceae","Lachnospiraceae_UCG-001"
"TACGTAGGGGGCAAGCGTTATCCGGATTTACTGGGTGTAAAGGGAGCGTAGACGGCAGCGCAAGTCCGAAGTGAAAGCCCGGGGCCCAACCCCGGGACTGCTTTGGAAACTGTGAAGCTGGAGTGCGGGAGGGGCAGGCGGAATTCCTGGTGTAGCGGTGAAATGCGTAGATATCAGGAGGAACACCGGCGGCGAAGGCGGCCTGCTGGACCGTAACTGACGTTGAGGCTCGAAAGCGTGGGGAGCAAACAGG","Bacteria","Firmicutes","Clostridia","Clostridiales","Lachnospiraceae","Acetatifactor"
"TACGTAGGGGGCAAGCGTTATCCGGATTTACTGGGTGTAAAGGGAGCGTAGACGGCATAGCAAGTCTGATGTGAAAGATCGGGGCTCAACCCCGGGCCTGCATTGGAAACTGTTAAGCTGGAGTACAGGAGAGGTAAGCGGAATTCCTAGTGTAGCGGTGAAATGCGTAGATATTAGGAGGAACACCAGTGGCGAAGGCGGCTTACTGGACTGTAACTGACGTTGAGGCTCGAAAGCGTGGGGAGCAAACAGG","Bacteria","Firmicutes","Clostridia","Clostridiales","Lachnospiraceae",NA
"TACGTAGGGGGCAAGCGTTATCCGGAATTACTGGGTGTAAAGGGAGAGTAGGCGGCAAGGTAAGCGATATGTGAAAGCCTTAGGCTTAACCAAAGGATTGCATAACGAACTATCTAGCTAGAGTACAGGAGAGGAAAGCGGAATTCCTAGTGTAGCGGTGAAATGCGTAGATATTAGGAAGAACACCAGTGGCGAAGGCGGCTTTCTGGACTGAAACTGACGCTGAGGCTCGAAAGCGTGGGGAGCGAACAGG","Bacteria","Firmicutes","Clostridia","Clostridiales","Lachnospiraceae","ASF356"
"TACGTAGGTGGCGAGCGTTATCCGGATTTATTGGGCGTAAAGCGTGCGCAGGCGGTTTGTTAGGTCTAAAATTAAAGTCCGAAGCTTAACTTCGGTTCGTTTTAGAAACCGGCAGGCTTGAGTATGGTAGAGGCAAACGGAATTTCTAGTGTAGCGGTAAAATGCGTAGATATTAGAAGGAACACCAGTGGCGAAGGCGGTTTGCTGGGCCATTACTGACGCTCATGCACGAAAGCGTGGGGAGCAAATAGG","Bacteria","Tenericutes","Mollicutes","Mollicutes_RF39",NA,NA
"TACGGAGGATGCGAGCGTTATCCGGATTTATTGGGTTTAAAGGGTGCGTAGGCGGTTTGTCAAGTCAGCGGTAAAAATTCCGGGCTCAACCCGGTCCCGCCGTTGAAACTGGCGAACTCGAGAGGGAGAGAAGTAGGCGGAATGCGCAGTGTAGCGGTGAAATGCATAGATATTGCGCAGAACTCCGATTGCGAAGGCAGCCTACCGGCTCCTATCTGACGCTGAGGCACGAAAGCGTGGGTATCGAACAGG","Bacteria","Bacteroidetes","Bacteroidia","Bacteroidales","Muribaculaceae",NA
"TACGTATGGTGCAAGCGTTATCCGGAATGACTGGGTGTAAAGGGAGCGTAGACGGTTGTACAAGTCTGATGTGAAAGCCCACGGCTCAACTGTGGGAGTGCATTGGAAACTGTAGAACTAGAGTATCGGAGAGGCAAGTGGAATTCCTAGTGTAGCGGTGAAATGCGTAGATATTAGGAGGAACACCAGTGGCGAAGGCGGCTTGCTGGACGAAAACTGACGTTGAGGCTCGAAAGCGTGGGGAGCAAACAGG","Bacteria","Firmicutes","Clostridia","Clostridiales","Lachnospiraceae",NA
"TACGTAGGGGGCAAGCGTTATCCGGATTTACTGGGTGTAAAGGGAGCGTAGACGGTTAATCAAGTCAGAAGTGAAAACCCAGGGCTCAACCTTGGGACTGCTTTTGAAACTGAGTAGCTAGAGTGCAGGAGAGGTAAGCGGAATTCCTAGTGTAGCGGTGAAATGCGTAGATATTAGGAGGAACACCAGTGGCGAAGGCGGCTTACTGGACTGTAACTGACGTTGAGGCTCGAAAGCGTGGGGAGCAAACAGG","Bacteria","Firmicutes","Clostridia","Clostridiales","Lachnospiraceae",NA
"TACAGAGGGTGCAAGCGTTAATCGGAATTACTGGGCGTAAAGCGCGCGTAGGTGGTTTGTTAAGTTGGATGTGAAATCCCCGGGCTCAACCTGGGAACTGCATTCAAAACTGACTGACTAGAGTATGGTAGAGGGTGGTGGAATTTCCTGTGTAGCGGTGAAATGCGTAGATATAGGAAGGAACACCAGTGGCGAAGGCGACCACCTGGACTAATACTGACACTGAGGTGCGAAAGCGTGGGGAGCAAACAGG","Bacteria","Proteobacteria","Gammaproteobacteria","Pseudomonadales","Pseudomonadaceae","Pseudomonas"
"TACGGAGGGGGCTAGCGTTATTCGGAATTACTGGGCGTAAAGCGCACGTAGGCGGATCGGAAAGTCAGAGGTGAAATCCCAGGGCTCAACCCTGGAACTGCCTTTGAAACTCCCGATCTTGAGGTCGAGAGAGGTGAGTGGAATTCCGAGTGTAGAGGTGAAATTCGTAGATATTCGGAGGAACACCAGTGGCGAAGGCGGCTCACTGGCTCGATACTGACGCTGAGGTGCGAAAGCGTGGGGAGCAAACAGG","Bacteria","Proteobacteria","Alphaproteobacteria","Rhodobacterales","Rhodobacteraceae","Rhodobacter"
"TACGTAGGGGGCAAGCGTTGTCCGGAATTATTGGGCGTAAAGAGTACGTAGGCGGTCTGTTAAGCGCAAGGTGAAAGGCATAGGCTCAACCAATGTGAGCCTTGCGAACTGGCAGACTTGAGTGCAGGAGAGGAAAGCGGAATTCCTAGTGTAGCGGTGAAATGCGTAGATATTAGGAGGAACACCGGTGGCGAAGGCGGCTTTCTGGACTGAAACTGACGCTGAGGTACGAAAGCGTGGGGAGCAAACAGG","Bacteria","Firmicutes","Clostridia","Clostridiales","Family_XIII","Family_XIII_UCG-001"
"TACGTAGGGGGCGAGCGTTATCCGGATTCATTGGGCGTAAAGCGCGCGTAGGCGGCCGCCTAAGCGGAACCTCTAACCCCGGGGCTCAACCTCGGGCCGGGTTCCGGACTGGGCGGCTCGAGTGCGGTAGAGGAGAGCGGAATTCCCGGTGTAGCGGTGGAATGCGCAGATATCGGGAAGAACACCGATGGCGAAGGCAGCTCTCTGGGCCGTCACTGACGCTGAGGCGCGAAAGCTGGGGGAGCGAACAGG","Bacteria","Actinobacteria","Coriobacteriia","Coriobacteriales","Eggerthellaceae","Enterorhabdus"
"TACGTAGGGGGCAAGCGTTATCCGGATTTACTGGGTGTAAAGGGAGCGTAGACGGCGAAGAAAGTCTGAAGTGAAAGCCCGCGGCTTAACCGCGGAACTGCTTTGGAAACTTTTTTGCTGGAGTACCGGAGAGGTAAGCGGAATTCCTAGTGTAGCGGTGAAATGCGTAGATATTAGGAGGAACACCAGTGGCGAAGGCGGCTTACTGGACGGTAACTGACGTTGAGGCTCGAAAGCGTGGGGAGCAAACAGG","Bacteria","Firmicutes","Clostridia","Clostridiales","Lachnospiraceae",NA
"TACGTAGGGGGCAAGCGTTATCCGGATTTACTGGGTGTAAAGGGAGCGTAGACGGCAGGGCAAGCCAGAAGTGAAAACGCAGAGCTTAACTTTGCGACTGCTTTTGGAACTGCCCAGCTAGAGTACAGGAGAGGTAAGTGGAATTCCTAGTGTAGCGGTGAAATGCGTAGATATTAGGAGGAACACCAGTGGCGAAGGCGGCTTACTGGACTGAGACTGACGTTGAGGCTCGAAAGCGTGGGGAGCAAACAGG","Bacteria","Firmicutes","Clostridia","Clostridiales","Lachnospiraceae",NA
"TACGTATGGTGCAAGCGTTATCCGGATTTACTGGGTGTAAAGGGAGCGCAGGCGGTACGGCAAGTCTGATGTGAAAGCCCAGGGCTCAACCCTGGTACTGCATTGGAAACTGCCGGACTAGAGTGTCGGAGGGGTAAGTGGAATTCCTAGTGTAGCGGTGAAATGCGTAGATATTAGGAGGAACACCAGTGGCGAAGGCGGCTTACTGGACGATGACTGACGCTGAGGCTCGAAAGCGTGGGGAGCAAACAGG","Bacteria","Firmicutes","Clostridia","Clostridiales","Lachnospiraceae","Roseburia"
"TACGTAGGGAGCAAGCGTTGTCCGGAATTACTGGGCGTAAAGGGTGCGTAGGCGGCGCAGTTAGTCAGAAGTGAAATATCGGGGCTTAACCCCGGGGCTGCTTCTGATACTGCTGTGCTCGAGTGCAGGAGAGGTAAGTGGAATTCCTAGTGTAGCGGTGAAATGCGTAGATATTAGGAGGAACACCAGTGGCGAAGGCGACTTACTGGACTGTAACTGACGCTGAGGCACGAAAGCGTGGGTAGCAAACAGG","Bacteria","Firmicutes","Clostridia","Clostridiales","Christensenellaceae",NA
"TACGTAGGGGGCAAGCGTTATCCGGATTTACTGGGTGTAAAGGGAGCGTAGACGGCAATGCAAGCCAGATGTGAAAACCCGCAGCTCAACTGGGGGAGTGCATTTGGAACTGTGTAGCTAGAGTGCAGGAGAGGTAAGCGGAATTCCTGGTGTAGCGGTGAAATGCGTAGATATCAGGAGGAACACCAGTGGCGAAGGCGGCTTACTGGACTGTAACTGACGTTGAGGCTCGAAAGCGTGGGGAGCAAACAGG","Bacteria","Firmicutes","Clostridia","Clostridiales","Lachnospiraceae","Eisenbergiella"
"TACGTAGGGGGCAAGCGTTATCCGGATTCACTGGGTGTAAAGGGAGCGTAGACGGCGACGCAAGTCTGGAGTGAAAGCCCGGGGCCCAACCCCGGGACTGCTCTGGAAACTGCGGCGCTGGAGTACGGGAGGGGCAGGCGGAATTCCTGGTGTAGCGGTGAAATGCGTAGATATCAGGAGGAACACCGGCGGCGAAGGCGGCCTGCTGGACCGTGACTGACGTTGAGGCTCGAGAGCGTGGGGAGCAAACAGG","Bacteria","Firmicutes","Clostridia","Clostridiales","Lachnospiraceae","Acetatifactor"
"TACGTAGGGGGCAAGCGTTATCCGGATTTACTGGGTGTAAAGGGAGCGTAGACGGCTGTACAAGTCTGAAGTGAAAGCCCGTGGCTCAACCGCGGAACTGCTTTGGAAACTGTAAAGCTGGAGTACTGGAGAGGCAGGCGGAATTCCTAGTGTAGCGGTGAAATGCGTAGATATTAGGAGGAACACCAGTGGCGAAGGCGGCCTGCTGGACAGAAACTGACGTTGAGGCTCGAAAGCGTGGGGAGCAAACAGG","Bacteria","Firmicutes","Clostridia","Clostridiales","Lachnospiraceae",NA
"TACGTAGGGGGCGAGCGTTATCCGGATTCACTGGGTGTAAAGGGAGCGTAGACGGCCATGCAAGCCAGGGGTGAAAGCCCGGGGCCCAACCCCGGGACTGCCCTTGGAACTGCATGGCTGGAGTGCGGGAGGGGCAGGCGGAATTCCTGGTGTAGCGGTGAAATGCGTAGATATCAGGAGGAACACCGGCGGCGAAGGCGGCCTGCTGGACTGCGACTGACGTTGAGGCTCGAAAGCGTGGGGAGCGAACAGG","Bacteria","Firmicutes","Clostridia","Clostridiales","Lachnospiraceae","Acetatifactor"
"TACGTATGGTGCAAGCGTTATCCGGATTTACTGGGTGTAAAGGGAGCGCAGGCGGCACGGCAAGCCTGATGTGAAAGCCCGCGGCCCAACCGCGGGACTGCATTGGGAACTACCGGGCTGGAGTGCCGGAGAGGTAGGCGGAATTCCTAGTGTAGCGGTGAAATGCGTAGATATTAGGAGGAACACCAGTGGCGAAGGCGGCCTACTGGACGGTGACTGACGCTGAGGCTCGAAAGCGTGGGGAGCAAACAGG","Bacteria","Firmicutes","Clostridia","Clostridiales","Lachnospiraceae","Roseburia"
"TACGTAGGAGGCAAGCGTTATCCGGAATGACTGGGCGTAAAGGGTGCGTAGGTGGTTTGACAAGTTGGTAGCGTAACTCCGAGGCTTAACCTCGGCACTACTACCAAAACTGTTGGACTCGAGTGCAGGAGGGGCAAATGGAATTCCTAGTGTAGCGGTGGAATGCGTAGATATTAGGAGGAACACCAGTGGCGAAGGCGATTTGCTGGACTGTAACTGACACTGAGGCACGAAAGCGTGGGGAGCAAACAGG","Bacteria","Firmicutes","Clostridia","Clostridiales","Clostridiales_vadinBB60_group",NA
"TACGTAGGGGGCAAGCGTTGTCCGGAATGACTGGGCGTAAAGGGAGTGTAGGCGGCTCATCAAGTTAGATGTGAAATCCCGCGGCTTAACCGCGGAACTGCATCTAAAACTGGTAAGCTGGAGTGCAGGAGAGGTGAGTGGAATTCCTAGTGTAGCGGTGGAATGCGTAGATATTAGGAGGAACACCAGAGGCGAAGGCGACTCACTGGACTGTAACTGACGCTGAGGCTCGAAAGCGTGGGGAGCAAACAGG","Bacteria","Firmicutes","Clostridia","Clostridiales","Clostridiales_vadinBB60_group",NA
"TACGTAGGGGGCGAGCGTTATCCGGATTTACTGGGTGTAAAGGGAGCGTAGACGGCTGGTCAAGTCTGAAGTGAAAGCCCGGGGCTTAACCCCGGAACGGCTTTGGAAACTGAGCAGCTAGAGTGCTGGAGAGGTAAGCGGAATTCCTAGTGTAGCGGTGAAATGCGTAGATATTAGGAGGAACACCAGTGGCGAAGGCGGCTTACTGGACAGTAACTGACGTTGAGGCTCGAAAGCGTGGGGAGCAAACAGG","Bacteria","Firmicutes","Clostridia","Clostridiales","Lachnospiraceae",NA
"TACGTAGGGGGCAAGCGTTATCCGGATTTACTGGGTGTAAAGGGAGCGCAGACGGCTGTGCAAGTCTGGAGTGAAAGGCGGGGGCCCAACCCCTGGACTGCTCTGGAAACTGTAAAGCTGGAGTGCAGGAGAGGTAAGCGGAATTCCTAGTGTAGCGGTGAAATGCGTAGATATTAGGAGGAACACCAGTGGCGAAGGCGGCTTACTGGACTGCAACTGACGTTGAGGCTCGAAAGCGTGGGGAGCAAACAGG","Bacteria","Firmicutes","Clostridia","Clostridiales","Lachnospiraceae","Lachnospiraceae_NK4A136_group"
"TACGGAGGATCCGAGCGTTATCCGGATTTATTGGGTTTAAAGGGAGCGTAGATGGATATTTAAGTCAGTTGTGAAAGTTTGCGGCTCAACCGTAAAATTGCAGTTGATACTGGATATCTTGAGTGCAGTTGAGGCAGGCGGAATTCGTGGTGTAGCGGTGAAATGCTTAGATATCACGAAGAACTCCGATTGCGAAGGCAGCCTGCTAAGCTGCAACTGACATTGAGGCTCGAAAGTGTGGGTATCAAACAGG","Bacteria","Bacteroidetes","Bacteroidia","Bacteroidales","Bacteroidaceae","Bacteroides"
"TACGTAGGGGGCAAGCGTTATCCGGATTTACTGGGTGTAAAGGGAGCGTAGGCGGTGCGCCAAGCTGGGTGTGAAAGGCCGGGGCTCAACCCCGGGACTGCACTCGGAACTGGCGTGCTAGAGTGTTGGAGAGGTAAGCGGAATTCCTAGTGTAGCGGTGAAATGCGTAGATATTAGGAGGAACACCAGTGGCGAAGGCGGCTTACTGGACAATAACTGACGCTGAGGCTCGAAAGCGTGGGGAGCAAACAGG","Bacteria","Firmicutes","Clostridia","Clostridiales","Lachnospiraceae",NA
"TACGTAGGGGGCAAGCGTTATCCGGATTTACTGGGTGTAAAGGGAGCGTAGACGGCAGTGCAAGTCCGGAGTGAAAGCCCGGGGCTCAACCCTGGGACTGCTCTGGAAACTGTAAAGCTGGAGTGCGGGAGGGGCAGGCGGAATTCCTGGTGTAGCGGTGAAATGCGTAGATATCAGGAGGAACACCGGCGGCGAAGGCGGCCTGCTGGACCGTAACTGACGTTGAGGCTCGAAAGCGTGGGGAGCAAACAGG","Bacteria","Firmicutes","Clostridia","Clostridiales","Lachnospiraceae","Acetatifactor"
"TACGTAGGTGGCAAGCGTTGTCCGGAATTACTGGGTGTAAAGGGAGCGTAGGCGGGAAGCCAAGTCAGCTGTGAAAACTACGGGCTTAACCTGTAGACTGCAGTTGAAACTGGCTTTCTTGAGTGAAGTAGAGGTTGGCGGAATTCCGAGTGTAGCGGTGAAATGCGTAGATATTCGGAGGAACACCGGTGGCGAAGGCGGCCAACTGGGCTTTAACTGACGCTGAGGCTCGAAAGTGTGGGGAGCAAACAGG","Bacteria","Firmicutes","Clostridia","Clostridiales","Ruminococcaceae",NA
"TACGTAGGTGGCAAGCGTTGTCCGGATTTACTGGGTGTAAAGGGCGTGCAGCCGGAGAGACAAGTCAGATGTGAAATCCGCAGGCTCAACCTGCGAACTGCATTTGAAACTGTTTCCCTTGAGTATCGGAGAGGTCATCGGAATTCCTAGTGTAGCGGTGAAATGCGTAGATATTAGGAAGAACACCAGTGGCGAAGGCGGATGACTGGACGACAACTGACGGTGAGGCGCGAAAGCGTGGGGAGCAAACAGG","Bacteria","Firmicutes","Clostridia","Clostridiales","Ruminococcaceae","Oscillibacter"
"TACGTAGGGGGCAAGCGTTATCCGGATTTACTGGGTGTAAAGGGAGCGTAGACGGCAGCGCAAGCCTGGAGTGAAAGGATGGGGCCCAACCCCATGACTGCTCTGGGAACTGTGCGGCTAGAGTGCCGGAGGGGTAAGCGGAATTCCTAGTGTAGCGGTGAAATGCGTAGATATTAGGAGGAACACCAGTGGCGAAGGCGGCTTACTGGACGGTAACTGACGTTGAGGCTCGAAAGCGTGGGGAGCAAACAGG","Bacteria","Firmicutes","Clostridia","Clostridiales","Lachnospiraceae",NA
"TACGTAGGGAGCGAGCGTTATCCGGAATTATTGGGTGTAAAGGGTGCGTAGACGGGAAAACAAGTTAGTTGTGAAATCCCTCGGCTTAACTGAGGAACTGCAACTAAAACTATTTTTCTTGAGTGCAGGAGAGGTAAGTGGAATTCCTAGTGTAGCGGTGAAATGCGTAGATATTAGGAGGAACACCAGTGGCGAAGGCGACTTACTGGACTGTAACTGACGTTGAGGCACGAAAGTGTGGGGAGCAAACAGG","Bacteria","Firmicutes","Clostridia","Clostridiales","Ruminococcaceae","Ruminococcaceae_UCG-014"
"TACGTAAGGGGCAAGCGTTATCCGGATTTACTGGGTGTAAAGGGTGAGTAGGCGGTTCGGCAAGTCATATGTGAAATACCTGGGCTCAACCCAGGAACCGCATAAGAAACTGTCGGACTTGAGTACAGGAGAGGTAAGCGGAATTCCCAGTGTAGCGGTGAAATGCGTAGATATTGGGAAGAACACCGGTGGCGAAGGCGGCTTACTGGACTGAAACTGACGCTGAGTCACGAAAGCGTGGGGAGCGAACAGG","Bacteria","Firmicutes","Clostridia","Clostridiales","Lachnospiraceae","Tyzzerella_3"
"TACGTAGGGGGCAAGCGTTATCCGGATTTACTGGGTGTAAAGGGAGCGTAGGCGGCGATGCAAGTCAGAAGTGAAAGCCCGGGGCTCAACTCCGGGACTGCTTTTGAAACTGTGTTGCTAGATTGCAGGAGAGGTAAGTGGAATTCCTAGTGTAGCGGTGAAATGCGTAGATATTAGGAGGAACACCAGTGGCGAAGGCGGCTTACTGGACTGTAAATGACGCTGAGGCTCGAAAGCGTGGGGAGCAAACAGG","Bacteria","Firmicutes","Clostridia","Clostridiales","Lachnospiraceae","GCA-900066575"
"TACGTAGGGGGCAAGCGTTATCCGGATTTACTGGGTGTAAAGGGAGCGTAGACGGCTAAGCAAGTCTGAAGTGAAAGCCCGGGGCTTAACCCCGGGACTGCTTTGGAAACTGTTAAGCTAGAGTGCTGGAGAGGTAAGTGGAATTCCTAGTGTAGCGGTGAAATGCGTAGATATTAGGAGGAACACCAGTGGCGAAGGCGGCTTACTGGACAGTAACTGACGTTGAGGCTCGAAAGCGTGGGGAGCAAACAGG","Bacteria","Firmicutes","Clostridia","Clostridiales","Lachnospiraceae",NA
"TACGTAGGTGGCAAGCGTTGTCCGGATTTACTGGGTGTAAAGGGCGTGTAGCCGGGCTGACAAGTCAGATGTGAAATTCCGGGGCTCAACCCCGGACCTGCATTTGAAACTGTTGGTCTTGAGTATCGGAGAGGCAGGCGGAATTCCTAGTGTAGCGGTGAAATGCGTAGATATTAGGAGGAACACCAGTGGCGAAGGCGGCCTGCTGGACGACAACTGACGGTGAGGCGCGAAAGCGTGGGGAGCAAACAGG","Bacteria","Firmicutes","Clostridia","Clostridiales","Ruminococcaceae","Ruminiclostridium"
"TACGTAGGGGGCAAGCGTTATCCGGATTTACTGGGTGTAAAGGGAGCGTAGACGGCCAGACAAGTCAGAAGTGAAAGCCCAGGGCTCAACCCTGGGACTGCTTTTGAAACTGCCGGGCTGGAGTGCAGGAGAGGTAAGCGGAATTCCTAGTGTAGCGGTGAAATGCGTAGATATTAGGAGGAACACCAGTGGCGAAGGCGGCTTACTGGACTGTAACTGACGTTGAGGCTCGAAAGCGTGGGGAGCAAACAGG","Bacteria","Firmicutes","Clostridia","Clostridiales","Lachnospiraceae",NA
"TACGTAGGGGGCAAGCGTTATCCGGATTTACTGGGTGTAAAGGGAGCGTAGGCGGCAAGGTAAGCCAGAAGTGAAAGCCCGCGGCTCAACTGCGGGACTGCTTTTGGAACTATCTAGCTAGATTGCAGGAGAGGTAAGTGGAATTCCTAGTGTAGCGGTGAAATGCGTAGATATTAGGAGGAACACCAGTGGCGAAGGCGGCTTACTGGACTGTAAATGACGCTGAGGCTCGAAAGCGTGGGGAGCAAACAGG","Bacteria","Firmicutes","Clostridia","Clostridiales","Lachnospiraceae",NA
"TACGTAGGGGGCGAGCGTTATCCGGATTTACTGGGTGTAAAGGGAGCGTAGACGGCTGGGCAAGCCTGATGTGAAAGGCGGGGGCGCAACCCTCGGACTGCATTGGGAACTGTCCGGCTGGAGCGCCGGAGGGGTAAGCGGAATTCCTGGTGTAGCGGTGAAATGCGTAGATATCAGGAGGAACACCGGTGGCGAAGGCGGCTTACTGGACGGCGACTGACGTTGATGCTCGAAAGCGTGGGGAGCGAACAGG","Bacteria","Firmicutes","Clostridia","Clostridiales","Lachnospiraceae",NA
"TACGTAGGGGGCAAGCGTTATCCGGATTTACTGGGTGTAAAGGGAGCGTAGACGGCTGTGCAAGCCAGATGTGAAAGCCCGGGGCTCAACCCCGGGACTGCATTTGGAACTGTGTGGCTGGAGTGTCGGAGAGGCAGGCGGAATTCCTAGTGTAGCGGTGAAATGCGTAGATATTAGGAGGAACACCAGTGGCGAAGGCGGCCTGCTGGACGATGACTGACGTTGAGGCTCGAAAGCGTGGGGAGCAAACAGG","Bacteria","Firmicutes","Clostridia","Clostridiales","Lachnospiraceae","Lachnoclostridium"
"TACGTAGGGAGCGAGCGTTATCCGGATTTACTGGGTGTAAAGGGCGTGTAGGCGGGATGGCAAGTCAGGCGTGAAAACTATGGGCTCAACCCATAGCCTGCGTTTGAAACTGTCGTTCTTGAGTGATGGAGAGGCAAGCGGAATTCCGTGTGTAGCGGTGAAATGCGTAGATATACGGAGGAACACCAGTGGCGAAGGCGGCTTGCTGGACATTAACTGACGCTGAGGCGCGAAAGCGTGGGGAGCAAACAGG","Bacteria","Firmicutes","Clostridia","Clostridiales","Ruminococcaceae","Intestinimonas"
"TACGTAGGGGGCAAGCGTTATCCGGAATTACTGGGTGTAAAGGGAGAGTAGGCGGCAAGGTAAGCGATATGTGAAAGCCTTAAGCTTAACTTAAGGATGGCATAACGAACTATCTAGCTAGAGTACAGGAGAGGAAAGCGGAATTCCTAGTGTAGCGGTGAAATGCGTAGATATTAGGAAGAACACCAGTGGCGAAGGCGGCTTTCTGGACTGAAACTGACGCTGAGGCTCGAAAGCGTGGGGAGCGAACAGG","Bacteria","Firmicutes","Clostridia","Clostridiales","Lachnospiraceae","ASF356"
"TACGTAGGGAGCAAGCGTTGTCCGGAATTACTGGGTGTAAAGGGAGCGTAGGCGGGAGGATAAGTTGAATGTGAAATCTATGGGCTCAACCCATAGCTGCGTTCAAAACTGTTCTTCTTGAGTGAAGTAGAGGCAGGCGGAATTCCTAGTGTAGCGGTGAAATGCGTAGATATTAGGAGGAACACCAGTGGCGAAGGCGGCCTGCTGGGCTTTTACTGACGCTGAGGCTCGAAAGCGTGGGTAGCAAACAGG","Bacteria","Firmicutes","Clostridia","Clostridiales","Ruminococcaceae",NA
"TACGTAGGGGGCAAGCGTTATCCGGATTCACTGGGTGTAAAGGGAGCGTAGACGGCGAGACAAGTCTGGAGTGAAAGGCCGGGGCCCAACCCCGGGACTGCTCTGGAAACTGCCTGGCTGGAGTACAGGAGAGGTAAGTGGAATTCCTAGTGTAGCGGTGAAATGCGTAGATATTAGGAGGAACACCAGTGGCGAAGGCGGCTTACTGGACTGTAACTGACGTTGAGGCTCGAAAGCGTGGGGAGCAAACAGG","Bacteria","Firmicutes","Clostridia","Clostridiales","Lachnospiraceae","Lachnospiraceae_NK4A136_group"
"TACGTAGGGGGCAAGCGTTATCCGGATTTACTGGGTGTAAAGGGAGCGTAGACGGCATTGCAAGTCCGGAGTGAAAGCCCACGGCCCAACCGTGGGACTGCTCTGGAAACTGTAGAGCTGGAGTGCGGGAGGGGCAGGCGGAATTCCTAGTGTAGCGGTGAAATGCGTAGATATTAGGAGGAACACCGGCGGCGAAGGCGGCCTGCTGGACCGTAACTGACGTTGAGGCTCGAAAGCGTGGGGAGCAAACAGG","Bacteria","Firmicutes","Clostridia","Clostridiales","Lachnospiraceae","Acetatifactor"
"TACGTAGGTGGCAAGCGTTGTCCGGAATTACTGGGTGTAAAGGGAGCGTAGGCGGGAAAGCAAGTTGAATGTTTAAGGTACGGGCTCAACCTGTACAAGCGTTCAAAACTGTTTTTCTTGAGTGGAGTAGAGGTAAGCGGAATTCCTAGTGTAGCGGTGAAATGCGTAAATATTAGGAGGAACACCAGTGGCGAAGGCGGCTTACTGGGCTTTAACTGACGCTGAGGCTCGAAAGCGTGGGTAGCAAACAGG","Bacteria","Firmicutes","Clostridia","Clostridiales","Ruminococcaceae","GCA-900066225"
"TACGTATGGTGCAAGCGTTATCCGGATTTACTGGGTGTAAAGGGAGCGTAGGCGGCGCGTTAAGTCTGATGTGAAAACCCGAGGCTCAACCACGGGAGTGCATTGGAAACTGGCGAGCTGGAGTGCCGGAGAGGTAAGCGGAATTCCTAGTGTAGCGGTGAAATGCGTAGATATTAGGAGGAACACCAGTGGCGAAGGCGGCTTACTGGACGGCAACTGACGCTGAGGCTCGAAAGCGTGGGGAGCAAACAGG","Bacteria","Firmicutes","Clostridia","Clostridiales","Lachnospiraceae",NA
"TACGTAGGGGGCAAGCGTTATCCGGATTTACTGGGTGTAAAGGGGGCGCAGACGGCAATGCAAGCCAGGAGTGAAAGCCCGGGGCCCAACCCCGGGACTGCTCTTGGAACTGCATGGCTGGAGTACAGGAGGGGCAGGCGGAATTCCTAGTGTAGCGGTGAAATGCGTAGATATTAGGAGGAACACCGGTGGCGAAGGCGGCCTGCTGGACTGTGACTGACGTTGAGGCCCGAAGGCGTGGGGAGCAAACAGG","Bacteria","Firmicutes","Clostridia","Clostridiales","Lachnospiraceae",NA
"TACGTAGGGGGCAAGCGTTATCCGGATTTACTGGGTGTAAAGGGAGCGTAGACGGCGGCGCAAGCCAGATGTGAAAGCCCGGGGCTCAACCCCGGGACTGCATTTGGAACTGTGCTGCTAGAGTGTCGGAGAGGCAGGCGGAATTCCTAGTGTAGCGGTGAAATGCGTAGATATTAGGAGGAACACCAGTGGCGAAGGCGGCCTGCTGGACGATGACTGACGTTGAGGCTCGAAAGCGTGGGGAGCAAACAGG","Bacteria","Firmicutes","Clostridia","Clostridiales","Lachnospiraceae","Lachnoclostridium"
"TACGTAGGGAGCGAGCGTTGTCCGGAATTACTGGGTGTAAAGGGAGCGTAGGCGGGATTGCAAGTTGGATGTGAAAACTGCGGGCTCAACCCGGAGAGTGCATTCAAAACTGCGATTCTTGAGTGAAGTAGAGGCAAGCGGAATTCCTAGTGTAGCGGTGAAATGCGTAGATATTAGGAGGAACACCAGTGGCGAAGGCGGCTTGCTGGGCTTTTACTGACGCTGAGGCTCGAAAGTGTGGGGAGCAAACAGG","Bacteria","Firmicutes","Clostridia","Clostridiales","Ruminococcaceae","Angelakisella"
"TACGTAGGGGGCGAGCGTTATCCGGATTCATTGGGCGTAAAGCGCGCGTAGGCGGCCGCCTAAGCGGGACCTCTAACCCCGGGGCTCAACCCCGGGCCGGGTCCCGGACTGGGCGGCTCGAGTGCGGTAGAGGAGAGCGGAATTCCCGGTGTAGCGGTGGAATGCGCAGATATCGGGAAGAACACCGATGGCGAAGGCAGCTCTCTGGGCCGTCACTGACGCTGAGGCGCGAAAGCTGGGGGAGCGAACAGG","Bacteria","Actinobacteria","Coriobacteriia","Coriobacteriales","Eggerthellaceae","Enterorhabdus"
"GACAGAGGATGCAAGCGTTATCCGGAATGATTGGGCGTAAAGCGTCTGTAGGTGGCTTTTTAAGTTCGCCGTCAAATCCCAGGGCTCAACCCTGGACAGGCGGTGGAAACTACCAAGCTGGAGTACGGTAGGGGCAGAGGGAATTTCCGGTGGAGCGGTGAAATGCGTAGAGATCGGAAAGAACACCAACGGCGAAAGCACTCTGCTGGGCCGACACTGACACTGAGAGACGAAAGCTAGGGGAGCGAATGGG","Bacteria","Cyanobacteria","Oxyphotobacteria","Chloroplast",NA,NA
"TACGTAGGGAGCAAGCGTTATCCGGATTTACTGGGTGTAAAGGGCGTGTAGGCGGGCATGCAAGCCAGAAGTGAAATCTGGGGGCTTAACCCCCAAACTGCTTTTGGAACTGCGTGTCTTGAGTGATGGAGAGGCAGGCGGAATTCCCAGTGTAGCGGTGAAATGCGTAGATATTGGGAGGAACACCAGTGGCGAAGGCGGCCTGCTGGACATTAACTGACGCTGAGGCGCGAAAGCGTGGGGAGCAAACAGG","Bacteria","Firmicutes","Clostridia","Clostridiales","Ruminococcaceae","Butyricicoccus"
"TACAGAGGTCTCAAGCGTTGTTCGGAATCACTGGGCGTAAAGCGTGCGTAGGCTGTTTCGTAAGTCGTGTGTGAAAGGCGCGGGCTCAACCCGCGGACGGCACATGATACTGCGAGACTAGAGTAATGGAGGGGGAACCGGAATTCTCGGTGTAGCAGTGAAATGCGTAGATATCGAGAGGAACACTCGTGGCGAAGGCGGGTTCCTGGACATTAACTGACGCTGAGGCACGAAGGCCAGGGGAGCGAAAGGG","Bacteria","Verrucomicrobia","Verrucomicrobiae","Verrucomicrobiales","Akkermansiaceae","Akkermansia"
"TACGTAGGGGGCAAGCGTTATCCGGATTTACTGGGTGTAAAGGGAGCGTAGACGGCGATGCAAGCCAGATGTGAAAGCCCGCGGCTCAACTGCGGTAGTGCATTTGGAACTGTATGGCTGGAGTGCAGGAGAGGCAGGCGGAATTCCTAGTGTAGCGGTGAAATGCGTAGATATTAGGAGGAACACCAGTGGCGAAGGCGGCCTGCTGGACTGTAACTGACGTTGAGGCTCGAAAGCGTGGGGAGCAAACAGG","Bacteria","Firmicutes","Clostridia","Clostridiales","Lachnospiraceae",NA
"TACGTAGGGGGCAAGCGTTATCCGGATTCACTGGGTGTAAAGGGAGCGTAGACGGCGACGCAAGTCTGGAGTGAAAGCCCGGGGCCCAACCCCGGGACTGCTCTGGAAACTGCGCCGCTGGAGTACGGGAGGGGCAGGCGGAATTCCTGGTGTAGCGGTGAAATGCGTAGATATCAGGAGGAACACCGGCGGCGAAGGCGGCCTGCTGGACCGTGACTGACGTTGAGGCTCGAGAGCGTGGGGAGCAAACAGG","Bacteria","Firmicutes","Clostridia","Clostridiales","Lachnospiraceae","Acetatifactor"
"TACGTAGGTCCCGAGCGTTGTCCGGATTTATTGGGCGTAAAGCGAGCGCAGGCGGTTAGATAAGTCTGAAGTTAAAGGCTGTGGCTTAACCATAGTAGGCTTTGGAAACTGTTTAACTTGAGTGCAAGAGGGGAGAGTGGAATTCCATGTGTAGCGGTGAAATGCGTAGATATATGGAGGAACACCGGTGGCGAAAGCGGCTCTCTGGCTTGTAACTGACGCTGAGGCTCGAAAGCGTGGGGAGCAAACAGG","Bacteria","Firmicutes","Bacilli","Lactobacillales","Streptococcaceae","Streptococcus"
"TACGGAGGATCCGAGCATTATCCGGAGTGACTGGGTGTAAAGAGTTGCGTAGGTGGCATAGTAAGTAGCTAGTGAAATCTGGTGGCTCAACCATTCAGACTATTAGCTAAACTGCTAAGCTCGAGACCGTTAGGGGTAACTGGAATTTCTAGTGTAGGAGTGAAATCCGTAGATATTAGAAGGAACACCGATAGCGTAGGCAGGTTACTGGGACGGTTCTGACACTAAGGCACGAAAGCGTAGGGAGCAAACGGG","Bacteria","Patescibacteria","Saccharimonadia","Saccharimonadales","Saccharimonadaceae","Candidatus_Saccharimonas"
"TACGTAGGGAGCGAGCGTTGTCCGGAATTACTGGGTGTAAAGGGAGCGTAGGCGGGACTGCAAGTTGGGTGTCAAATCTACCGGCTCAACCGGTAGCCGCACTCAAAACTGCAGTTCTTGAGTGAAGTAGAGGCAGGCGGAATTCCTAGTGTAGCGGTGAAATGCGTAGATATTAGGAGGAACACCAGTGGCGAAGGCGGCCTGCTGGGCTTTTACTGACGCTGAGGCTCGAAAGTGTGGGGAGCAAACAGG","Bacteria","Firmicutes","Clostridia","Clostridiales","Ruminococcaceae",NA
"TACGTAGGGGGCGAGCGTTATCCGGAATTACTGGGTGTAAAGGGAGCGTAGACGGCGAGGTAAGCCTGAAGTGGAAGCCCGCGGCCCAACCGCGGAACTGCTTTGGGAACTGTTTTGCTGGAGTATGGGAGGGGTAAGCGGAATTCCTGGTGTAGCGGTGAAATGCGTAGATATCAGGAGGAACACCGGTGGCGAAGGCGGCTTACTGGACCATAACTGACGTTGAGGCTCGAAAGCGTGGGGAGCGAACAGG","Bacteria","Firmicutes","Clostridia","Clostridiales","Lachnospiraceae",NA
"TACGTAGGGGGCAAGCGTTATCCGGATTTACTGGGTGTAAAGGGAGCGTAGGCGGCAAGGTAAGCCAGAAGTGAAAGCCCGTGGCTCAACTGCGGGACTGCTTTTGGAACTATCTAGCTAGATTGCAGGAGAGGTAAGTGGAATTCCTAGTGTAGCGGTGAAATGCGTAGATATTAGGAGGAACACCAGTGGCGAAGGCGGCTTACTGGACTGTAAATGACGCTGAGGCTCGAAAGCGTGGGGAGCAAACAGG","Bacteria","Firmicutes","Clostridia","Clostridiales","Lachnospiraceae",NA
"TACGTAGGGAGCAAGCGTTATCCGGATTTATTGGGTGTAAAGGGTGCGTAGATGGATAAACAAGTTGTTTGTGAAATACCTCGGCTCAACTGAGGAACTGCAAGCAAAACTGTATATCTTGAGTACTGGAGGGGAAAGCGGAATTCCTAGTGTAGCGGTGAAATGCGTAGATATTAGGAAGAACACCGGTGGCGAAGGCGGCTTTCTGGACAGAAACTGACATTGAGGCACGAAAGTGTGGGGAGCAAACAGG","Bacteria","Firmicutes","Clostridia","Clostridiales","Ruminococcaceae","Ruminococcaceae_UCG-014"
"TACGTATGGTGCAAGCGTTATCCGGATTTACTGGGTGTAAAGGGAGCGCAGGCGGTTCTGCAAGTCTGATGTGAAAGCCCGGGGCTCAACCGCGGGACTGCATTGGAAACTGCGGGACTGGAGTGTCGGAGGGGTAAGCGGAATTCCTGGTGTAGCGGTGAAATGCGTAGATATCAGGAGGAACACCGGTGGCGAAGGCGGCTTACTGGACGATGACTGACGCTGAGGCTCGAAAGCGTGGGGAGCAAACAGG","Bacteria","Firmicutes","Clostridia","Clostridiales","Lachnospiraceae","Shuttleworthia"
"TACGTATGGAGCAAGCGTTATCCGGATTTACTGGGTGTAAAGGGAGCGTAGGCGGTAAGGCAAGTCTGATGTGAAAGGCCAGGGCTCAACCCTGGGACTGCATTGGAAACTGTTTAACTGGAGTGTCGGAGAGGCAAGTGGAATTCCTAGTGTAGCGGTGAAATGCGTAGATATTAGGAGGAACACCAGTGGCGAAGGCGGCTTGCTGGACGATGACTGACGCTGAGGCTCGAAAGCGTGGGGAGCAAACAGG","Bacteria","Firmicutes","Clostridia","Clostridiales","Lachnospiraceae",NA
"TACGTAGGGAGCGAGCGTTGTCCGGAATTACTGGGTGTAAAGGGAGCGTAGGCGGGCTTGTAAGTTGAATGTCTAATCCACCGGCTCAACCGGTGATCGCGTTCAAAACTGCAGGTCTTGAGTGAAGTAGAGGCAGGCGGAATTCCTAGTGTAGCGGTGAAATGCGTAGATATTAGGAGGAACACCAGTGGCGAAGGCGGCCTGCTGGGCTTTAACTGACGCTGAGGCTCGAAAGCGTGGGGAGCAAACAGG","Bacteria","Firmicutes","Clostridia","Clostridiales","Ruminococcaceae","Anaerotruncus"
"TACGTAGGTGGCAAGCGTTATCCGGATTTACTGGGTGTAAAGGGCGTGTAGGCGGGACTGCAAGTCAGATGTGAAACCCATGGGCTCAACCCATGGCCTGCATTTGAAACTGTAGTTCTTGAGTGATGGAGAGGCAGGCGGAATTCCGTGTGTAGCGGTGAAATGCGTAGATATACGGAGGAACACCAGTGGCGAAGGCGGCCTGCTGGACATTAACTGACGCTGAGGCGCGAAAGCGTGGGGAGCAAACAGG","Bacteria","Firmicutes","Clostridia","Clostridiales","Ruminococcaceae","Intestinimonas"
"TACGTAGGGGGCGAGCGTTGTCCGGAATGACTGGGCGTAAAGGGAGTGTAGGCGGCTCTTTAAGTTATATGTGAAATCCCGCGGCTTAACCGTGGAAGTGCATATAAAACTGGGGAGCTGGAGTGCAGGAGAGGTGAGTGGAATTCCTAGTGTAGCGGTGGAATGCGTAGATATTAGGAAGAACACCGGTGGCGAAGGCGGCTCACTGGACTGTAACTGACGCTGAGGCTCGAAAGCGTGGGGAGCAAACAGG","Bacteria","Firmicutes","Clostridia","Clostridiales","Clostridiales_vadinBB60_group",NA
"GACAGAGGATGCAAGCGTTATCCGGAATGATTGGGCGTAAAGCGTCTGTAGGTGGCTTTTCAAGTCCGCCGTCAAATCCCAGGGCTCAACCCTGGACAGGCGGTGGAAACTACCAAGCTGGAGTACGGTAGGGGCAGAGGGAATTTCCGGTGGAGCGGTGAAATGCATTGAGATCGGAAAGAACACCAACGGCGAAAGCACTCTGCTGGGCCGACACTGACACTGAGAGACGAAAGCTAGGGGAGCAAATGGG","Bacteria","Cyanobacteria","Oxyphotobacteria","Chloroplast",NA,NA
"TACGTAGGTGGCAAGCGTTGTTCGGAATAACTGGGCGTAAAGGATGCGTAGGCGGTTAAACAAGTTATATGTTAAATATATAGGCTTAACCTGTAGAAAGCATATAAAACTGTTTAACTAGAGTGCAGGAGAGGTAAGTGGAATTCCTAGTGTAGCGGTGAAATGCGTAGAGATTAGGAAGAACACCAGTGGCGAAGGCGACTTACTGGACTGTAACTGACGCTGAGGCATGAGAGCATGGGGAGCAAACAGG","Bacteria","Firmicutes","Clostridia","Clostridiales","Clostridiaceae_1","Candidatus_Arthromitus"
"TACGTAGGGGGCGAGCGTTATCCGGATTCATTGGGCGTAAAGCGCGCGCAGGCGGACTCATAAGCGGAGCCTTTAATCTTGGGGCTTAACCTCAAGTCGGGCCCCGAACTGTGAGTCTCGAGTGTGGTAGGGGAAGGCGGAATTCCCGGTGTAGCGGTGGAATGCGCAGATATCGGGAAGAACACCGATGGCGAAGGCAGCCTTCTGGGCCATCACTGACGCTGAGGCGCGAAAGCTAGGGGAGCAAACAGG","Bacteria","Actinobacteria","Coriobacteriia","Coriobacteriales","Eggerthellaceae","Enterorhabdus"
"TACGTAGGGGGCAAGCGTTATCCGGATTTACTGGGTGTAAAGGGAGCGTAGACGGCTAATCAAGTCAGAAGTGAAAACCCAGGGCTCAACTTTGGGACTGCTTTTGAAACTGAGTAGCTAGAGTGCAGGAGAGGTAAGCGGAATTCCTAGTGTAGCGGTGAAATGCGTAGATATTAGGAGGAACACCAGTGGCGAAGGCGGCTTACTGGACTGTAACTGACGTTGAGGCTCGAAAGCGTGGGGAGCAAACAGG","Bacteria","Firmicutes","Clostridia","Clostridiales","Lachnospiraceae",NA
"TACGTAGGGGGCAAGCGTTATCCGGATTTACTGGGTGTAAAGGGAGCGTAGGCGGCAGTGCAAGTCAGAAGTGAAAGCCCGGGGCTCAACTCCGGGACTGCTTTTGAAACTGTACAGCTTGATTGCAGGAGAGGCAAGTGGAATTCCTAGTGTAGCGGTGAAATGCGTAGATATTAGGAGGAACACCAGTGGCGAAGGCGGCTTGCTGGACTGTAAATGACGCTGAGGCTCGAAAGCGTGGGGAGCAAACAGG","Bacteria","Firmicutes","Clostridia","Clostridiales","Lachnospiraceae","GCA-900066575"
"TACGTAGGGGGCAAGCGTTATCCGGATTTACTGGGTGTAAAGGGAGCGTAGGTGGCGTGCCAAGTCAGGAGTGAAAACCCAGGGCCCAACTCTGGGACTGCTCTTGAAACTGGCAGGCTTGAGTGCTGGAGAGGTAAGCGGAATTCCTAGTGTAGCGGTGAAATGCGTAGATATTAGGAGGAACACCAGTGGCGAAGGCGGCTTACTGGACAGTGACTGACACTGAGGCTCGAAAGCGTGGGGAGCAAACAGG","Bacteria","Firmicutes","Clostridia","Clostridiales","Lachnospiraceae",NA
"TACGTAGGGGGCGAGCGTTATCCGGATTTACTGGGTGTAAAGGGAGCGTAGACGGCTGGTCAAGTCTGAAGTGAAAGCCCGGGGCTTAACCCCGGAACGGTTTTGGAAACTGAGCAGCTAGAGTGCTGGAGAGGTAAGCGGAATTCCTAGTGTAGCGGTGAAATGCGTAGATATTAGGAGGAACACCAGTGGCGGAGGCGGCTTACTGGACAGTAACTGACGTTGAGGCTCGAAAGCGTGGGGAGCAAACAGG","Bacteria","Firmicutes","Clostridia","Clostridiales","Lachnospiraceae",NA
"TACGTAGGTGGCGAGCGTTATCCGGAATTATTGGGCGTAAAGAGGGAGCAGGCGGCAGCTAAGGTCTGCGGTGAAAGCCCGAAGCTAAACTTCGGTAAGCCGTGGAAACCGAGCAGCTAGAGTGCAGTAGAGGATCGTGGAATTCCATGTGTAGCGGTGAAATGCGTAGATATATGGAGGAACACCAGTGGCGAAGGCGACGATCTGGGCTGCAACTGACGCTCAGTCCCGAAAGCGTGGGGAGCAAATAGG","Bacteria","Firmicutes","Erysipelotrichia","Erysipelotrichales","Erysipelotrichaceae","Candidatus_Stoquefichus"
"TACGTAGGGGGCAAGCGTTATCCGGATTTACTGGGTGTAAAGGGAGCGTAGACGGCTGCGCAAGTCTGAAGTGAAAGCCCGGGGCTCAACCCCGGGACTGCTTTGGAAACTGTGTAGCTAGAGTGCTGGAGAGGCAAGCGGAATTCCTAGTGTAGCGGTGAAATGCGTAGATATTAGGAAGAACACCAGTGGCGAAGGCGGCTTGCTGGACAGTAACTGACGTTGAGGCTCGAAAGCGTGGGGAGCAAACAGG","Bacteria","Firmicutes","Clostridia","Clostridiales","Lachnospiraceae","Lachnoclostridium"
"TACGTAGGGAGCAAGCGTTATCCGGATTTATTGGGTGTAAAGGGTGCGTAGACGGGAATTTAAGTTAGTTGTGAAATCCCTCGGCTTAACTGAGGAACTGCAACTAAAACTGAATTTCTTGAGTGCGGGAGAGGAAAGTGGAATTCCTAGTGTAGCGGTGAAATGCGTAGATATTAGGAGGAACACCAGTGGCGAAGGCGACTTTCTGGACCGTAACTGACGTTGAGGCACGAAAGTGTGGGGAGCAAACAGG","Bacteria","Firmicutes","Clostridia","Clostridiales","Ruminococcaceae","Ruminococcaceae_UCG-014"
"TACGTAGGTGGCAAGCGTTGTCCGGATTTACTGGGTGTAAAGGGCGTGTAGGCGGAGCTGCAAGTCAGATGTGAAATCCCGGGGCTCAACCCCGGAACTGCATTTGAAACTGTAGCCCTTGAGTATCGGAGAGGCAGGCGGAATTCCTAGTGTAGCGGTGAAATGCGTAGATATTAGGAGGAACACCAGTGGCGAAGGCGGCCTGCTGGACGACAACTGACGCTGAGGCGCGAAAGCGTGGGGAGCAAACAGG","Bacteria","Firmicutes","Clostridia","Clostridiales","Ruminococcaceae","Ruminococcaceae_UCG-005"
"TACGGAGGGGGCAAGCGTTATCCGGATTTACTGGGTGTAAAGGGAGCGTAGGTGGCATGGCAAGCCAGAAGTGAAAACCCGGGGCTTAACCCCGCGGATTGCTTTTGGAACTGTCAGGCTGGAGTGCAGGAGGGGCAGGCGGAATTCCTGGTGTAGCGGTGAAATGCGTAGATATCAGGAGGAACACCGGTGGCGAAGGCGGCCTGCTGGACTGTAACTGACACTGAGGCTCGAAAGCGTGGGGAGCAAACAGG","Bacteria","Firmicutes","Clostridia","Clostridiales","Lachnospiraceae","Lachnospiraceae_FCS020_group"
"TACGTAGGTCCCGAGCGTTGTCCGGATTTATTGGGCGTAAAGCGAGCGCAGGCGGTTTGATAAGTCTGAAGTTAAAGGCTGTGGCTCAACCATAGTTCGCTTTGGAAACTGTCAAACTTGAGTGCAGAAGGGGAGAGTGGAATTCCATGTGTAGCGGTGAAATGCGTAGATATATGGAGGAACACCGGTGGCGAAAGCGGCTCTCTGGTCTGTAACTGACGCTGAGGCTCGAAAGCGTGGGGAGCGAACAGG","Bacteria","Firmicutes","Bacilli","Lactobacillales","Streptococcaceae","Streptococcus"
"TACGGAGGATGCGAGCGTTATCCGGATTTATTGGGCGTAAAGCGAGCGCAGGCGGTTGGATAAGTCTGAAGTTAAAGGCTGTGGCTCAACCATAGTATGCTTTGGAAACTGTTCAACTTGAGTGCAGAAGGGGAGAGTGGAATTCCATGTGTAGCGGTGGAATGCGTAGATATATGGAGGAACACCGGTGGCGAAAGCGGCTCTCTGGTCTGTAACTGACGCTGAGGCTCGAAAGCGTGGGTAGCGAACAGG","Bacteria","Firmicutes","Bacilli","Lactobacillales","Streptococcaceae","Streptococcus"
"TACGTAGGTCCCGAGCGTTATCCGGATTTATTGGGCGTAAAGCGAGCGCAGGCGGTTGGATAAGTCTGAAGTTAAAGGCTGTGGCTCAACCATAGTATGCTTTGGAAACTGTTCAACTTGAGTGCAGAAGGGGAGAGTGGAATTCCATGTGTAGCGGTGGAATGCGTAGATATATGGAGGAACACCGGTGGCGAAAGCGGCTCTCTGGTCTGTAACTGACGCTGAGGCTCGAAAGCGTGGGTAGCGAACAGG","Bacteria","Firmicutes","Bacilli","Lactobacillales","Streptococcaceae","Streptococcus"
"TACGTAGGTGGCAAGCGTTATCCGGATTTATTGGGTGTAAAGGGCGTGTAGGCGGGAAAGCAAGTCAGATGTGAAAACTCAGGGCTCAACCCTGAGCCTGCATTTGAAACTGTTTTTCTTGAGTGCTGGAGAGGCAATCGGAATTCCGTGTGTAGCGGTGAAATGCGTAGATATACGGAGGAACACCAGTGGCGAAGGCGGATTGCTGGACAGTAACTGACGCTGAGGCGCGAAAGCGTGGGGAGCAAACAGG","Bacteria","Firmicutes","Clostridia","Clostridiales","Ruminococcaceae",NA
"TACGTAGGGGGCAAGCGTTATCCGGATTTACTGGGTGTAAAGGGTGCGTAGGTGGCAGGGCAAGTCAGATGTGAAAGCCCGGGGCTCAACCCCGGTACTGCATTTGAAACTGTCCAGCTGGAGTGCAGGAGAGGTAAGCGGAATTCCTAGTGTAGCGGTGAAATGCGTAGATATTAGGAGGAACACCAGTGGCGAAGGCGGCTTACTGGACTGTAACTGACACTGAGGCACGAAAGCGTGGGGAGCAAACAGG","Bacteria","Firmicutes","Clostridia","Clostridiales","Lachnospiraceae",NA
"GACAGAGGATGCAAGCGTTATCCGGAATGATTGGGCGTAAAGCGTCTGTAGGTGGCTTTTTAAGTCCGCCGTCAAATCCCAGGGCTCAACCCTGGACAGGCGGTGGAAACTACCAAGCTGGAGTACGGTAGGGGCAGAGGGAATTTCCGGTGGAGCGGTGAAATGCGTAGAGATCGGAAAGAACACCAACGGCGAAAGCACTCTGCTGGGCCGACACTGACACTGAGAGACGAAAGCTAGGGGAGCGAATGGG","Bacteria","Cyanobacteria","Oxyphotobacteria","Chloroplast",NA,NA
"TACGTATGGAGCAAGCGTTATCCGGATTTACTGGGTGTAAAGGGAGCGCAGGCGGCATGGCAAGTCAGATGTGAAAGCCCGGGGCTCAACCCCGGGACTGCATTTGAAACTGTCAGGCTAGAGTGCAGGAGAGGCAGGCGGAATTCCTAGTGTAGCGGTGAAATGCGTAGATATTAGGAGGAACACCAGTGGCGAAGGCGGCCTGCTGGACTGTAACTGACGCTGAGGCTCGAAAGCGTGGGGAGCAAACAGG","Bacteria","Firmicutes","Clostridia","Clostridiales","Lachnospiraceae","Lachnospiraceae_NK4B4_group"
"TACGTATGGTGCAAGCGTTATCCGGATTTACTGGGTGTAAAGGGAGCGTAGACGGCTGTGCAAGTCTGAAGTGAAAGGCCGGGGCCCAACCCCGGGAGTGCTTTGGAAACTGTGCGGCTAGAGTGTCGGAGAGGCAAGTGGAATTCCCAGTGTAGCGGTGAAATGCGTAGATATTGGGAGGAACACCAGTGGCGAAGGCGTCTTGCTGGACGATGACTGACGTTGAGGCTCGAAAGCGTGGGGAGCAAACAGG","Bacteria","Firmicutes","Clostridia","Clostridiales","Lachnospiraceae","Lachnospiraceae_UCG-006"
"TACGTAGGGGGCGAGCGTTGTCCGGAATGACTGGGCGTAAAGGGAGTGTAGGCGGCCTTTTAAGTTATGTGTGAAAGCCCACGGCTCAACTGTGGAATTGCACATAAAACTGGGAGGCTGGAGTGCAGGAGAGGTAAGCGGAATTTCCAGTGTAGCGGTGGAATGCGTAGATATTGGGAAGAACACCGGAGGCGAAGGCGGCTTACTGGACTGTAACTGACGCTGAGGCTCGAAAGCGTGGGGAGCAAACAGG","Bacteria","Firmicutes","Clostridia","Clostridiales","Clostridiales_vadinBB60_group",NA
"TACGTAGGGAGCGAGCGTTATCCGGATTTATTGGGTGTAAAGGGTGCGTAGACGGGGAATTAAGTTAGTTGTGAAATCCCAAGGCTCAACTTTGGAACTGCAACTAAAACTAATTTTCTTGAGTACTGGAGAGGAAAGTGGAATTCCTAGTGTAGCGGTGAAATGCGTAGATATTAGGAGGAACACCAGTGGCGAAGGCGACTTTCTGGACAGAAACTGACGTTGAGGCACGAAAGTGTGGGGAGCAAACAGG","Bacteria","Firmicutes","Clostridia","Clostridiales","Ruminococcaceae","Ruminococcaceae_UCG-014"
"TACGTAGGTGGCGAGCGTTATCCGGATTTATTGGGCGTAAAGCGTGCGCAGGCGGTTTGTTAAGTCTAAAATCAAAGCCCGAAGCTTAACTTCGGTTCGTTTTAGAAACTGGCAGGCTTGAGTATGGTAGAGGCAAACGGAATTTCTAGTGTAGCGGTAAAATGCGTAGATATTAGAAGGAACACCAGTGGCGAAGGCGGTTTGCTGGGCCATTACTGACGCTCATGCACGAAAGCGTGGGGAGCAAATAGG","Bacteria","Tenericutes","Mollicutes","Mollicutes_RF39",NA,NA
"TACGTAGGAGGCAAGCGTTATCCGGAATGACTGGGCGTAAAGGGTGCGTAGGTGGTTTGGCAAGTTAGTAGCGTAATTCCGGGGCTCAACTTCGGAACTACTACTAAAACTGCTGGGCTTGAGTGCAGGAGGGGCATATGGAATTCCTAGTGTAGCGGTGGAATGCGTAGATATTAGGAGGAACACCAGTGGCGAAGGCGATATGCTGGACTGTAACTGACACTGAGGCACGAAAGCGTGGGGAGCAAACAGG","Bacteria","Firmicutes","Clostridia","Clostridiales","Clostridiales_vadinBB60_group",NA
"TACGTAGGGAGCGAGCGTTATCCGGATTTATTGGGTGTAAAGGGTGCGTAGACGGGAAATTAAGTTAGTTGTGAAATCCCTCGGCTCAACCGAGGAACTGCAACTAAAACTGATATTCTTGAGTACTGGAGAGGAAAGTGGAATTCCTAGTGTAGCGGTGAAATGCGTAGATATTAGGAGGAACACCAGTGGCGAAGGCGACTTTCTGGACAGAAACTGACGTTGAGGCACGAAAGTGTGGGGAGCAAACAGG","Bacteria","Firmicutes","Clostridia","Clostridiales","Ruminococcaceae","Ruminococcaceae_UCG-014"
"TACGGAGGATGCGAGCGTTATCCGGAATGACTGGGCGTAAAGGGTGCGTAGGTGGTTTGACAAGTTGGTAGCGTAACTCCGGGGCTCAACCTCGGCACTACTACCAAAACTGTTGGACTTGAGTGCAGGAGGGGCAAATGGAATTCCTAGTGTAGCGGTGGAATGCGTAGATATTAGGAGGAACACCAGTGGCGAAGGCGATTTGCTGGACTGTAACTGACACTGAGGCACGAAAGCGTGGGGAGCAAACAGG","Bacteria","Firmicutes","Clostridia","Clostridiales","Clostridiales_vadinBB60_group",NA
"TACGGAGGGGGCGAGCGTTATCCGGATTCATTGGGCGTAAAGCGCGCGTAGGCGGCCTGTTAGGTCGGGGGTCAAATACCGGGGCTCAACCCCGGTCCGCCCCCGATACCGGCAGGCTTGAGTCTGGTAGGGGAAGGCGGAATTCCCAGTGTAGCGGTGGAATGCGCAGATATTGGGAAGAACACCGGCGGCGAAGGCGGCCTTCTGGGCCACGACTGACGCTGAGGCGCGAAAGCTAGGGGAGCGAACAGG","Bacteria","Actinobacteria","Coriobacteriia","Coriobacteriales","Atopobiaceae","Olsenella"
"TACGTAGGGGGCGAGCGTTATCCGGATTTATTGGGCGTAAAGGGTGCGTAGGCGGTATGTTAAGTCTAAAATCAAAGCCCGAGGCTTAACCTCGGTTCGTTTTAGAAACTGGCAAACTAGAGTGCAGTAGAGGCAAGTGGAATTTCTAGTGTAGCGGTTAAATGCGTAGATATTAGAAGGAACACCAGTGGCGAAGGCGGCTTGCTGGGCTGTAACTGACGCTGAGGCACGAAAGCGTGGGGAGCAAATAGG","Bacteria","Tenericutes","Mollicutes","Mollicutes_RF39",NA,NA
